identifier,state,createdAt,updatedAt,priority,assignee
JOV-1133,Duplicate,2026-03-02T03:01:30.000Z,2026-08-14T04:21:19.904Z,0,Tim White
JOV-1433,Duplicate,2026-03-09T14:35:19.477Z,2026-04-22T18:12:21.066Z,2,Tim White
JOV-1592,Duplicate,2026-03-15T04:07:39.646Z,2026-04-22T18:12:24.234Z,0,Tim White
JOV-1623,Duplicate,2026-03-17T07:15:39.910Z,2026-03-18T21:59:20.797Z,2,
JOV-1624,Duplicate,2026-03-17T07:42:14.044Z,2026-04-22T18:12:27.280Z,2,
JOV-1625,Duplicate,2026-03-17T07:58:26.777Z,2026-03-18T21:59:25.189Z,2,
JOV-1626,Duplicate,2026-03-17T08:27:11.553Z,2026-04-22T18:12:30.538Z,2,
JOV-1627,Duplicate,2026-03-18T01:45:36.415Z,2026-04-22T18:13:34.818Z,2,
JOV-1628,Duplicate,2026-03-18T01:45:36.900Z,2026-03-18T21:59:23.463Z,2,
JOV-1631,Duplicate,2026-03-18T03:11:23.286Z,2026-04-22T18:13:38.819Z,2,
JOV-1632,Duplicate,2026-03-18T03:30:06.622Z,2026-04-22T18:12:35.993Z,2,
JOV-1633,Duplicate,2026-03-18T03:30:24.963Z,2026-04-22T18:12:38.892Z,2,
JOV-1634,Duplicate,2026-03-18T03:31:31.601Z,2026-04-22T18:12:41.851Z,2,
JOV-1635,Duplicate,2026-03-18T04:00:57.269Z,2026-04-22T18:12:44.884Z,2,
JOV-1636,Duplicate,2026-03-19T22:50:03.641Z,2026-04-22T18:12:50.587Z,2,
JOV-1637,Duplicate,2026-03-20T08:04:40.454Z,2026-04-22T18:12:53.813Z,2,
JOV-1656,Duplicate,2026-03-22T01:29:08.146Z,2026-04-22T18:12:57.093Z,2,
JOV-1657,Duplicate,2026-03-23T04:17:59.389Z,2026-04-22T18:13:00.315Z,2,
JOV-1658,Duplicate,2026-03-23T06:49:13.133Z,2026-04-22T18:13:42.292Z,2,
JOV-1659,Duplicate,2026-03-23T08:59:38.925Z,2026-04-22T18:13:06.390Z,2,
JOV-1660,Duplicate,2026-03-23T18:29:43.408Z,2026-04-22T18:13:43.458Z,2,
JOV-1661,Duplicate,2026-03-23T19:28:16.854Z,2026-04-22T18:13:46.463Z,2,
JOV-1662,Duplicate,2026-03-23T20:00:29.705Z,2026-04-22T18:13:14.097Z,2,
JOV-1663,Duplicate,2026-03-24T19:19:21.093Z,2026-04-22T18:13:17.178Z,2,
JOV-1664,Duplicate,2026-03-24T20:00:04.995Z,2026-04-22T18:13:49.625Z,2,
JOV-1665,Duplicate,2026-03-24T21:08:48.489Z,2026-04-22T18:13:52.864Z,2,
JOV-1666,Duplicate,2026-03-24T21:08:51.714Z,2026-04-22T18:13:55.847Z,2,
JOV-1667,Duplicate,2026-03-24T21:09:47.046Z,2026-04-22T18:13:58.878Z,2,
JOV-1668,Duplicate,2026-03-24T23:30:54.630Z,2026-04-22T18:14:02.045Z,2,
JOV-1675,Duplicate,2026-03-26T08:01:59.282Z,2026-04-22T18:14:05.138Z,2,
JOV-1676,Duplicate,2026-03-26T08:09:10.053Z,2026-04-22T18:14:08.318Z,2,
JOV-1677,Duplicate,2026-03-26T10:05:19.175Z,2026-04-22T18:14:11.401Z,2,
JOV-1678,Duplicate,2026-03-26T19:20:37.945Z,2026-04-22T18:14:14.361Z,2,
JOV-1679,Duplicate,2026-03-26T19:24:58.113Z,2026-04-22T18:14:17.399Z,2,
JOV-1682,Duplicate,2026-03-27T00:29:52.418Z,2026-04-22T18:14:22.049Z,2,
JOV-1683,Duplicate,2026-03-27T00:30:16.117Z,2026-04-22T18:14:25.743Z,2,
JOV-1696,Duplicate,2026-03-28T15:22:31.205Z,2026-04-22T18:14:28.791Z,2,
JOV-1701,Duplicate,2026-03-29T09:03:44.544Z,2026-04-22T18:14:31.928Z,2,
JOV-1702,Duplicate,2026-03-29T15:47:00.097Z,2026-04-22T18:14:34.963Z,2,
JOV-1703,Duplicate,2026-03-29T15:51:07.178Z,2026-04-22T18:14:43.591Z,2,
JOV-1704,Duplicate,2026-03-29T21:46:26.789Z,2026-04-22T18:14:47.398Z,2,
JOV-1706,Duplicate,2026-03-30T06:46:25.124Z,2026-04-22T18:14:50.864Z,2,
JOV-1707,Duplicate,2026-03-30T17:30:58.635Z,2026-04-22T18:14:53.778Z,2,
JOV-1708,Duplicate,2026-03-30T17:31:02.354Z,2026-04-22T18:14:57.113Z,2,
JOV-1709,Duplicate,2026-03-30T19:29:54.017Z,2026-04-22T18:15:00.302Z,2,
JOV-1710,Duplicate,2026-03-30T19:29:59.872Z,2026-04-22T18:15:03.591Z,2,
JOV-1711,Duplicate,2026-03-30T19:31:16.723Z,2026-04-22T18:15:59.304Z,2,
JOV-1712,Duplicate,2026-03-30T19:31:55.009Z,2026-04-22T18:15:08.988Z,2,
JOV-1713,Duplicate,2026-03-30T19:44:40.453Z,2026-04-22T18:15:13.037Z,2,
JOV-1714,Duplicate,2026-04-01T02:38:27.285Z,2026-04-22T18:15:17.031Z,2,
JOV-1715,Duplicate,2026-04-01T04:48:52.964Z,2026-04-22T18:15:20.147Z,2,
JOV-1716,Duplicate,2026-04-01T04:48:59.522Z,2026-04-22T18:15:23.742Z,2,
JOV-1717,Duplicate,2026-04-01T04:54:17.982Z,2026-04-22T18:16:03.400Z,2,
JOV-1718,Duplicate,2026-04-01T04:58:54.158Z,2026-04-22T18:15:29.359Z,2,
JOV-1719,Duplicate,2026-04-02T19:19:27.961Z,2026-04-22T18:15:32.587Z,2,
JOV-1720,Duplicate,2026-04-03T05:01:04.122Z,2026-04-22T18:15:36.837Z,2,
JOV-1721,Duplicate,2026-04-03T06:20:37.314Z,2026-04-22T18:15:39.793Z,2,
JOV-1722,Duplicate,2026-04-03T06:36:04.144Z,2026-04-22T18:15:43.184Z,2,
JOV-1723,Duplicate,2026-04-03T06:46:15.660Z,2026-04-22T18:15:47.000Z,2,
JOV-1724,Duplicate,2026-04-03T07:56:34.704Z,2026-04-22T18:16:06.710Z,2,
JOV-1725,Duplicate,2026-04-03T19:25:35.843Z,2026-04-22T18:16:09.808Z,2,
JOV-1726,Duplicate,2026-04-03T19:34:50.960Z,2026-04-22T18:16:13.060Z,2,
JOV-1727,Duplicate,2026-04-05T04:07:16.238Z,2026-04-22T18:16:16.271Z,2,
JOV-1730,Duplicate,2026-04-06T20:10:56.962Z,2026-04-22T18:16:19.677Z,2,
JOV-1731,Duplicate,2026-04-07T04:12:05.532Z,2026-04-22T18:16:23.062Z,2,
JOV-1732,Duplicate,2026-04-07T18:35:31.845Z,2026-07-03T12:06:03.855Z,2,
JOV-1733,Duplicate,2026-04-07T18:35:47.682Z,2026-04-22T18:16:30.243Z,2,
JOV-1734,Duplicate,2026-04-07T18:36:18.930Z,2026-04-22T18:16:33.667Z,2,
JOV-1735,Duplicate,2026-04-08T03:25:09.096Z,2026-04-22T18:17:12.167Z,2,
JOV-1736,Duplicate,2026-04-08T03:25:13.534Z,2026-04-22T18:16:40.356Z,2,
JOV-1737,Duplicate,2026-04-08T05:04:34.433Z,2026-04-22T18:16:43.482Z,2,
JOV-1738,Duplicate,2026-04-08T12:07:20.212Z,2026-04-22T18:16:46.669Z,2,
JOV-1740,Duplicate,2026-04-08T12:08:39.637Z,2026-04-22T18:16:49.812Z,2,
JOV-1741,Duplicate,2026-04-08T17:23:35.927Z,2026-04-22T18:16:52.832Z,2,
JOV-1742,Duplicate,2026-04-08T17:23:36.215Z,2026-04-22T18:16:56.338Z,2,
JOV-1743,Duplicate,2026-04-08T18:26:59.532Z,2026-04-22T18:16:59.507Z,2,
JOV-1744,Duplicate,2026-04-08T20:36:27.322Z,2026-04-22T18:17:03.018Z,2,
JOV-1745,Duplicate,2026-04-08T20:46:34.900Z,2026-04-22T18:17:15.795Z,2,
JOV-1746,Duplicate,2026-04-08T21:17:41.400Z,2026-04-22T18:17:18.987Z,2,
JOV-1747,Duplicate,2026-04-08T21:24:03.803Z,2026-04-22T18:17:22.491Z,2,
JOV-1748,Duplicate,2026-04-08T21:24:15.371Z,2026-04-22T18:17:25.953Z,2,
JOV-1749,Duplicate,2026-04-08T21:41:08.206Z,2026-04-22T18:17:29.232Z,2,
JOV-1750,Duplicate,2026-04-09T01:06:01.792Z,2026-04-22T18:17:32.268Z,2,
JOV-1751,Duplicate,2026-04-09T01:27:04.283Z,2026-04-22T18:17:35.817Z,2,
JOV-1752,Duplicate,2026-04-09T03:09:36.932Z,2026-04-22T18:17:38.897Z,2,
JOV-1753,Duplicate,2026-04-09T05:24:00.088Z,2026-04-22T18:17:42.942Z,2,
JOV-1754,Duplicate,2026-04-10T02:17:17.045Z,2026-04-22T18:17:46.258Z,2,
JOV-1755,Duplicate,2026-04-10T09:01:04.538Z,2026-04-22T18:17:49.533Z,2,
JOV-1756,Duplicate,2026-04-11T01:28:20.883Z,2026-04-22T18:17:52.693Z,2,
JOV-1758,Duplicate,2026-04-11T23:07:28.792Z,2026-04-22T18:17:56.652Z,2,
JOV-1759,Duplicate,2026-04-11T23:07:30.270Z,2026-04-22T18:18:25.664Z,2,
JOV-1760,Duplicate,2026-04-11T23:07:31.203Z,2026-04-22T18:18:02.166Z,2,
JOV-1762,Duplicate,2026-04-12T02:05:19.061Z,2026-04-22T18:18:05.801Z,2,
JOV-1763,Duplicate,2026-04-13T00:01:51.401Z,2026-04-22T18:18:09.263Z,2,
JOV-1764,Duplicate,2026-04-13T02:41:27.511Z,2026-04-22T18:18:13.074Z,2,
JOV-1765,Duplicate,2026-04-13T02:42:21.874Z,2026-04-22T18:18:16.329Z,2,
JOV-1841,Backlog,2026-05-06T05:32:54.284Z,2026-09-23T16:38:17.800Z,3,Tim White
JOV-1843,Backlog,2026-05-06T05:33:19.497Z,2026-09-04T04:21:59.360Z,3,Tim White
JOV-1853,Duplicate,2026-05-07T22:25:23.151Z,2026-09-26T05:35:40.194Z,4,
JOV-1854,Backlog,2026-05-07T22:25:54.125Z,2026-09-04T04:22:12.185Z,4,
JOV-1855,Todo,2026-05-07T22:26:08.171Z,2026-09-16T16:48:25.967Z,2,Tim White
JOV-1858,Backlog,2026-05-07T22:26:52.144Z,2026-09-04T04:16:58.616Z,4,
JOV-1859,Backlog,2026-05-07T22:27:45.724Z,2026-09-04T04:00:31.884Z,4,
JOV-1860,Backlog,2026-05-07T22:27:49.733Z,2026-09-04T04:00:22.352Z,4,
JOV-1862,Backlog,2026-05-07T22:28:05.617Z,2026-09-04T04:00:14.836Z,4,
JOV-1864,Backlog,2026-05-07T22:28:24.960Z,2026-07-20T23:52:43.336Z,3,
JOV-1865,Backlog,2026-05-07T22:28:30.839Z,2026-07-20T23:52:42.839Z,3,
JOV-1866,Backlog,2026-05-07T22:28:36.355Z,2026-07-20T23:52:41.837Z,4,
JOV-1867,Backlog,2026-05-07T22:28:42.160Z,2026-07-20T23:52:41.341Z,4,
JOV-1876,Backlog,2026-05-07T22:29:49.190Z,2026-09-04T04:22:03.677Z,4,
JOV-1878,Todo,2026-05-07T22:30:01.082Z,2026-09-17T18:27:42.212Z,2,
JOV-1879,Todo,2026-05-07T22:30:05.910Z,2026-09-19T15:13:04.595Z,2,
JOV-1890,Backlog,2026-05-07T22:31:20.913Z,2026-07-20T23:52:35.606Z,4,
JOV-1905,Backlog,2026-05-08T00:56:13.504Z,2026-09-26T05:35:40.194Z,4,
JOV-1906,Duplicate,2026-05-08T00:56:25.152Z,2026-05-08T03:28:10.686Z,1,
JOV-1907,Duplicate,2026-05-08T00:56:43.093Z,2026-09-04T04:00:29.283Z,4,
JOV-1908,Backlog,2026-05-08T00:56:58.580Z,2026-09-04T04:22:47.361Z,4,
JOV-1909,Duplicate,2026-05-08T00:57:12.717Z,2026-05-16T01:31:37.120Z,1,
JOV-1910,Duplicate,2026-05-08T00:57:28.406Z,2026-05-08T03:28:16.383Z,2,
JOV-1911,Duplicate,2026-05-08T00:57:47.355Z,2026-09-04T04:00:31.884Z,4,
JOV-1912,Duplicate,2026-05-08T00:58:01.567Z,2026-09-04T04:00:22.352Z,4,
JOV-1913,Duplicate,2026-05-08T00:58:18.223Z,2026-05-08T03:28:18.838Z,1,
JOV-1914,Duplicate,2026-05-08T00:58:35.363Z,2026-09-04T04:00:14.836Z,4,
JOV-1915,Duplicate,2026-05-08T00:58:50.689Z,2026-05-16T01:31:41.995Z,1,
JOV-1916,Duplicate,2026-05-08T00:59:06.630Z,2026-05-08T03:28:13.701Z,1,
JOV-1932,Backlog,2026-05-08T05:58:57.690Z,2026-09-04T04:16:11.298Z,2,
JOV-1933,Backlog,2026-05-08T05:59:05.593Z,2026-09-04T04:19:00.882Z,3,
JOV-1934,Backlog,2026-05-08T05:59:15.711Z,2026-09-04T04:22:58.003Z,3,
JOV-1935,Backlog,2026-05-08T05:59:25.460Z,2026-09-04T04:22:59.372Z,3,
JOV-1936,Backlog,2026-05-08T05:59:35.059Z,2026-09-04T04:11:45.453Z,2,Tim White
JOV-1937,Backlog,2026-05-08T05:59:43.978Z,2026-09-06T03:01:44.865Z,3,
JOV-1938,Backlog,2026-05-08T05:59:52.776Z,2026-09-04T04:18:54.721Z,3,
JOV-1947,Backlog,2026-05-08T06:13:03.816Z,2026-09-04T04:12:23.301Z,2,Tim White
JOV-1948,Backlog,2026-05-08T06:13:06.560Z,2026-09-04T04:12:32.695Z,2,Tim White
JOV-1950,Backlog,2026-05-08T06:13:22.474Z,2026-09-03T18:56:27.266Z,4,
JOV-1952,Backlog,2026-05-08T06:13:28.778Z,2026-09-04T04:23:04.016Z,4,
JOV-1954,Backlog,2026-05-08T06:14:00.259Z,2026-09-04T04:23:06.419Z,4,
JOV-1955,Backlog,2026-05-08T06:28:38.539Z,2026-09-04T04:17:04.871Z,3,
JOV-1960,Backlog,2026-05-08T18:14:58.950Z,2026-09-04T04:23:11.281Z,3,
JOV-1965,Backlog,2026-05-08T19:56:13.515Z,2026-09-04T04:18:11.225Z,4,Tim White
JOV-1984,Backlog,2026-05-08T22:38:39.759Z,2026-09-04T04:23:00.741Z,4,Tim White
JOV-1995,Backlog,2026-05-08T23:43:39.097Z,2026-09-04T04:23:08.338Z,4,
JOV-1996,Backlog,2026-05-08T23:43:42.060Z,2026-09-04T04:23:02.673Z,4,
JOV-1997,Backlog,2026-05-08T23:43:44.989Z,2026-09-11T22:03:38.452Z,3,
JOV-1998,Backlog,2026-05-08T23:43:48.056Z,2026-09-04T04:23:09.691Z,4,
JOV-1999,Backlog,2026-05-08T23:43:51.015Z,2026-09-04T04:23:15.480Z,3,
JOV-2000,Backlog,2026-05-08T23:45:02.423Z,2026-09-04T04:23:16.745Z,4,
JOV-2001,Backlog,2026-05-08T23:45:06.701Z,2026-09-04T04:23:14.109Z,4,
JOV-2002,Backlog,2026-05-08T23:45:10.130Z,2026-09-04T04:23:18.165Z,4,
JOV-2003,Backlog,2026-05-08T23:45:13.202Z,2026-09-04T04:23:19.292Z,4,
JOV-2004,Backlog,2026-05-08T23:45:16.158Z,2026-09-04T04:23:20.658Z,4,
JOV-2005,Backlog,2026-05-08T23:45:19.635Z,2026-09-04T04:23:21.935Z,4,
JOV-2008,Backlog,2026-05-08T23:47:40.347Z,2026-09-04T04:23:23.304Z,4,
JOV-2009,Backlog,2026-05-08T23:48:20.536Z,2026-09-04T04:23:24.652Z,4,
JOV-2010,Backlog,2026-05-08T23:48:24.613Z,2026-09-04T04:12:16.869Z,2,
JOV-2011,Backlog,2026-05-08T23:48:27.719Z,2026-09-04T04:23:25.820Z,4,
JOV-2013,Backlog,2026-05-08T23:48:38.112Z,2026-09-04T04:12:54.649Z,2,
JOV-2014,Backlog,2026-05-08T23:48:41.572Z,2026-09-04T04:23:27.072Z,4,
JOV-2015,Backlog,2026-05-08T23:48:44.870Z,2026-09-04T04:23:29.247Z,4,
JOV-2016,Backlog,2026-05-08T23:48:48.097Z,2026-09-04T04:23:30.744Z,4,
JOV-2041,Backlog,2026-05-09T03:20:20.147Z,2026-07-20T23:52:03.515Z,3,Tim White
JOV-2043,Backlog,2026-05-09T03:20:26.147Z,2026-09-04T04:23:32.406Z,4,
JOV-2051,Backlog,2026-05-09T18:16:53.530Z,2026-09-03T20:58:17.566Z,4,
JOV-2053,Backlog,2026-05-09T18:46:26.353Z,2026-09-04T04:23:33.783Z,4,
JOV-2077,Backlog,2026-05-10T20:39:33.373Z,2026-09-04T04:23:34.910Z,4,Tim White
JOV-2078,Backlog,2026-05-10T20:39:37.289Z,2026-09-04T04:23:37.837Z,4,Tim White
JOV-2087,Backlog,2026-05-10T20:40:10.234Z,2026-09-04T04:23:36.123Z,4,Tim White
JOV-2094,Duplicate,2026-05-10T21:09:52.125Z,2026-07-31T01:09:55.858Z,2,
JOV-2096,Duplicate,2026-05-10T21:10:09.762Z,2026-07-31T01:09:57.325Z,2,
JOV-2100,Duplicate,2026-05-10T21:10:57.403Z,2026-07-31T02:13:58.495Z,2,
JOV-2115,Backlog,2026-05-10T22:20:37.555Z,2026-09-04T04:12:35.889Z,2,Tim White
JOV-2128,Backlog,2026-05-11T00:09:23.596Z,2026-09-04T04:12:51.398Z,2,
JOV-2129,Backlog,2026-05-11T00:54:01.307Z,2026-09-04T04:23:38.912Z,4,Tim White
JOV-2130,Backlog,2026-05-11T02:19:45.128Z,2026-09-04T04:23:40.282Z,4,
JOV-2134,Backlog,2026-05-11T14:59:02.476Z,2026-08-31T00:46:11.778Z,4,
JOV-2135,Backlog,2026-05-11T14:59:05.991Z,2026-08-31T00:46:14.331Z,4,
JOV-2137,Backlog,2026-05-11T23:33:45.811Z,2026-09-04T04:23:41.699Z,4,Tim White
JOV-2140,Backlog,2026-05-12T03:58:43.768Z,2026-09-04T04:23:43.034Z,4,
JOV-2142,Backlog,2026-05-12T03:59:15.251Z,2026-09-03T18:56:27.232Z,4,
JOV-2146,Backlog,2026-05-12T05:05:17.175Z,2026-09-04T06:44:42.795Z,2,
JOV-2148,Backlog,2026-05-12T20:23:25.293Z,2026-09-04T04:07:45.810Z,2,
JOV-2158,Duplicate,2026-05-12T20:37:08.132Z,2026-05-12T21:15:39.052Z,3,
JOV-2165,Backlog,2026-05-12T21:05:05.409Z,2026-09-04T04:07:40.328Z,2,
JOV-2167,Backlog,2026-05-12T21:25:52.238Z,2026-09-04T04:07:38.330Z,2,
JOV-2183,Backlog,2026-05-13T20:36:18.617Z,2026-09-04T04:08:29.197Z,4,
JOV-2227,Duplicate,2026-05-16T02:05:30.314Z,2026-09-26T05:35:41.171Z,4,
JOV-2228,Backlog,2026-05-16T02:05:31.000Z,2026-09-26T05:35:38.862Z,4,Tim White
JOV-2232,Backlog,2026-05-16T02:08:48.911Z,2026-09-04T04:09:22.083Z,4,
JOV-2233,Backlog,2026-05-16T02:08:52.035Z,2026-09-04T04:09:23.686Z,3,
JOV-2234,Backlog,2026-05-16T02:08:54.968Z,2026-09-26T05:35:39.748Z,4,
JOV-2235,Backlog,2026-05-16T02:08:58.118Z,2026-09-26T05:35:40.166Z,4,
JOV-2237,Backlog,2026-05-16T02:11:15.977Z,2026-09-26T05:35:41.028Z,4,
JOV-2242,Backlog,2026-05-16T02:11:42.200Z,2026-09-26T05:35:40.933Z,2,
JOV-2243,Backlog,2026-05-16T02:11:45.511Z,2026-09-26T05:35:41.137Z,2,
JOV-2269,In Progress,2026-05-16T02:20:30.247Z,2026-09-22T00:16:20.377Z,1,Tim White
JOV-2272,Backlog,2026-05-16T02:22:17.911Z,2026-09-23T16:55:13.975Z,2,
JOV-2284,Backlog,2026-05-16T16:02:24.387Z,2026-08-17T23:42:33.876Z,2,
JOV-2288,Backlog,2026-05-16T17:20:08.267Z,2026-09-04T04:09:28.603Z,4,
JOV-2291,Backlog,2026-05-16T18:00:49.669Z,2026-07-20T23:51:27.445Z,4,
JOV-2332,Todo,2026-05-17T02:12:38.235Z,2026-09-11T22:39:07.772Z,1,
JOV-2334,Backlog,2026-05-17T03:18:52.215Z,2026-09-04T04:09:31.406Z,4,Tim White
JOV-2335,Backlog,2026-05-17T04:36:55.309Z,2026-09-04T04:08:58.224Z,3,
JOV-2340,Backlog,2026-05-17T04:37:52.536Z,2026-09-04T20:46:01.313Z,4,
JOV-2341,Backlog,2026-05-17T04:37:55.545Z,2026-09-04T04:09:29.969Z,4,
JOV-2342,Backlog,2026-05-17T04:39:34.982Z,2026-09-04T04:09:35.495Z,4,
JOV-2345,Backlog,2026-05-17T04:39:48.968Z,2026-09-04T04:07:32.008Z,2,
JOV-2346,Backlog,2026-05-17T04:39:52.552Z,2026-09-04T04:07:30.837Z,2,
JOV-2348,Backlog,2026-05-17T04:40:06.655Z,2026-09-04T04:09:16.195Z,3,
JOV-2355,Duplicate,2026-05-17T06:15:35.347Z,2026-05-17T06:19:04.531Z,3,Tim White
JOV-2357,Backlog,2026-05-17T19:22:53.678Z,2026-09-04T04:07:06.348Z,2,Tim White
JOV-2361,Backlog,2026-05-17T20:56:54.971Z,2026-09-03T18:22:48.618Z,2,
JOV-2368,Backlog,2026-05-18T01:24:37.970Z,2026-09-04T04:07:29.673Z,2,
JOV-2399,Backlog,2026-05-18T06:02:10.801Z,2026-09-04T04:08:50.980Z,3,
JOV-2400,Duplicate,2026-05-18T06:03:47.275Z,2026-05-18T06:05:55.729Z,3,
JOV-2448,Backlog,2026-05-18T19:54:45.790Z,2026-09-04T04:07:28.225Z,2,
JOV-2455,Backlog,2026-05-18T20:37:10.827Z,2026-09-04T04:07:26.618Z,2,
JOV-2457,Backlog,2026-05-18T20:37:17.357Z,2026-09-14T03:11:27.031Z,4,
JOV-2458,Backlog,2026-05-18T20:37:20.901Z,2026-08-28T16:11:06.882Z,4,
JOV-2459,Backlog,2026-05-18T20:37:24.759Z,2026-09-04T04:09:43.155Z,4,
JOV-2460,Backlog,2026-05-18T20:37:28.128Z,2026-09-04T04:12:40.122Z,2,
JOV-2461,Backlog,2026-05-18T20:37:33.775Z,2026-09-04T04:07:25.193Z,2,
JOV-2462,Backlog,2026-05-18T20:37:36.920Z,2026-07-29T03:21:39.888Z,3,
JOV-2463,Backlog,2026-05-18T20:37:39.969Z,2026-07-29T03:21:47.041Z,3,
JOV-2464,Backlog,2026-05-18T20:37:43.810Z,2026-09-04T04:09:39.962Z,4,
JOV-2501,Backlog,2026-05-19T19:18:08.960Z,2026-09-14T03:11:27.031Z,4,
JOV-2502,Backlog,2026-05-19T19:18:09.560Z,2026-07-20T23:51:04.494Z,3,
JOV-2503,Backlog,2026-05-19T19:38:35.422Z,2026-09-04T04:09:41.953Z,4,
JOV-2505,Backlog,2026-05-19T22:53:24.165Z,2026-08-15T07:10:07.973Z,3,
JOV-2506,Backlog,2026-05-19T22:53:27.254Z,2026-08-15T07:10:10.763Z,3,
JOV-2507,Backlog,2026-05-19T22:53:31.896Z,2026-09-01T07:10:41.272Z,3,
JOV-2508,Backlog,2026-05-19T22:53:38.272Z,2026-08-15T07:10:16.627Z,3,
JOV-2516,Backlog,2026-05-21T09:09:07.047Z,2026-09-21T16:18:55.933Z,3,
JOV-2519,Backlog,2026-05-21T09:20:31.527Z,2026-09-04T04:09:44.417Z,4,
JOV-2521,Backlog,2026-05-21T09:21:14.742Z,2026-09-04T04:09:45.756Z,4,
JOV-2522,Backlog,2026-05-21T09:21:32.940Z,2026-09-04T04:09:47.214Z,4,
JOV-2531,Backlog,2026-05-21T22:55:06.410Z,2026-09-04T04:09:48.769Z,4,
JOV-2532,Backlog,2026-05-21T23:04:37.588Z,2026-09-04T04:09:53.979Z,4,
JOV-2533,Backlog,2026-05-21T23:52:24.185Z,2026-09-04T04:09:51.437Z,4,
JOV-2550,Backlog,2026-05-22T20:00:45.482Z,2026-09-04T04:09:50.154Z,3,Tim White
JOV-2555,Backlog,2026-05-23T07:38:17.560Z,2026-09-04T04:09:52.706Z,3,Tim White
JOV-2568,Backlog,2026-05-24T08:29:02.427Z,2026-09-12T23:17:07.017Z,2,Tim White
JOV-2570,Todo,2026-05-24T17:37:51.936Z,2026-09-13T01:43:28.032Z,1,Tim White
JOV-2577,Backlog,2026-05-25T04:59:56.104Z,2026-09-18T00:52:26.898Z,4,Tim White
JOV-2587,Backlog,2026-05-25T08:52:50.228Z,2026-09-04T04:09:55.175Z,4,Tim White
JOV-2591,Duplicate,2026-05-25T16:27:19.497Z,2026-05-25T16:27:53.778Z,3,Tim White
JOV-2592,Duplicate,2026-05-25T16:28:37.869Z,2026-05-25T16:29:46.099Z,3,Tim White
JOV-2595,Backlog,2026-05-25T18:17:01.323Z,2026-09-03T22:38:58.128Z,2,Tim White
JOV-2612,Backlog,2026-05-26T03:59:13.433Z,2026-09-04T04:10:04.899Z,4,Tim White
JOV-2654,Backlog,2026-05-29T21:11:12.212Z,2026-09-04T04:10:00.093Z,4,Tim White
JOV-2655,Backlog,2026-05-29T21:13:02.061Z,2026-09-04T04:10:02.701Z,4,Tim White
JOV-2656,Backlog,2026-05-29T21:13:02.778Z,2026-09-04T04:10:01.458Z,4,Tim White
JOV-2657,Backlog,2026-05-29T21:13:03.451Z,2026-09-04T04:10:07.513Z,3,Tim White
JOV-2709,Backlog,2026-05-31T22:54:26.545Z,2026-09-04T04:22:20.778Z,3,Tim White
JOV-2713,Backlog,2026-06-02T19:29:03.747Z,2026-09-20T20:44:40.701Z,3,Tim White
JOV-2714,Backlog,2026-06-02T19:49:02.380Z,2026-09-04T04:12:15.723Z,3,Tim White
JOV-2762,Backlog,2026-06-04T05:29:28.016Z,2026-09-04T04:10:09.017Z,4,
JOV-2763,Backlog,2026-06-04T05:45:49.449Z,2026-09-04T04:08:33.873Z,3,
JOV-2769,Todo,2026-06-04T08:35:37.578Z,2026-09-04T04:44:30.953Z,3,
JOV-2772,Backlog,2026-06-04T12:06:15.073Z,2026-09-04T04:10:17.573Z,3,
JOV-2792,Duplicate,2026-06-05T06:09:25.277Z,2026-06-05T06:13:50.168Z,3,
JOV-2815,Duplicate,2026-06-05T16:41:09.568Z,2026-06-05T16:44:11.000Z,3,Tim White
JOV-2827,Backlog,2026-06-05T23:31:29.130Z,2026-09-04T04:23:45.275Z,3,Tim White
JOV-2828,Backlog,2026-06-05T23:32:01.367Z,2026-09-03T22:41:39.822Z,3,Tim White
JOV-2857,Backlog,2026-06-06T19:50:27.649Z,2026-09-04T04:09:10.668Z,3,
JOV-2861,Duplicate,2026-06-06T19:51:20.000Z,2026-06-07T00:11:21.381Z,0,Tim White
JOV-2882,Backlog,2026-06-06T22:07:04.900Z,2026-09-04T04:23:46.481Z,3,
JOV-2902,Backlog,2026-06-08T00:34:54.072Z,2026-09-04T04:23:48.118Z,3,Tim White
JOV-2905,Todo,2026-06-08T23:34:44.616Z,2026-09-07T13:12:22.789Z,3,
JOV-2906,Backlog,2026-06-08T23:35:24.209Z,2026-09-04T04:23:49.244Z,3,
JOV-2907,Backlog,2026-06-08T23:35:25.916Z,2026-09-03T20:56:25.098Z,3,
JOV-2908,Backlog,2026-06-08T23:35:27.348Z,2026-09-03T20:56:25.095Z,3,
JOV-2909,Backlog,2026-06-08T23:35:28.396Z,2026-09-04T04:10:23.883Z,3,
JOV-2910,Backlog,2026-06-08T23:37:19.813Z,2026-09-15T02:58:56.122Z,3,
JOV-2911,Backlog,2026-06-09T00:00:12.141Z,2026-09-04T04:12:11.697Z,3,Tim White
JOV-2912,Backlog,2026-06-09T00:08:38.117Z,2026-09-04T04:08:42.914Z,3,
JOV-2914,Backlog,2026-06-09T00:10:38.870Z,2026-09-04T04:17:42.859Z,3,Tim White
JOV-2915,Backlog,2026-06-09T00:10:40.377Z,2026-09-04T04:17:41.185Z,3,
JOV-2917,Backlog,2026-06-09T00:10:45.971Z,2026-09-04T04:23:50.693Z,4,
JOV-2918,Backlog,2026-06-09T00:10:49.044Z,2026-09-04T04:19:26.682Z,3,
JOV-2920,Backlog,2026-06-09T00:10:51.412Z,2026-09-04T04:19:34.478Z,3,
JOV-2922,Backlog,2026-06-09T00:10:53.322Z,2026-09-04T04:17:38.302Z,4,
JOV-2923,Backlog,2026-06-09T00:19:19.898Z,2026-09-04T04:10:30.019Z,3,
JOV-2926,Backlog,2026-06-09T04:38:42.443Z,2026-09-03T05:46:41.276Z,2,
JOV-2927,Backlog,2026-06-09T04:39:28.829Z,2026-09-03T05:46:55.244Z,2,Tim White
JOV-2931,Backlog,2026-06-09T04:59:07.796Z,2026-09-04T04:07:23.835Z,2,
JOV-2933,Backlog,2026-06-09T04:59:48.046Z,2026-09-04T04:11:40.949Z,2,Tim White
JOV-2937,Backlog,2026-06-09T04:59:55.866Z,2026-09-04T04:17:48.366Z,3,
JOV-2939,Backlog,2026-06-09T05:03:14.198Z,2026-09-04T04:19:25.447Z,3,
JOV-2958,Backlog,2026-06-10T00:20:23.736Z,2026-09-04T04:19:28.985Z,3,
JOV-2959,Backlog,2026-06-10T00:53:57.235Z,2026-09-04T04:10:34.264Z,3,
JOV-2961,Backlog,2026-06-10T00:56:04.242Z,2026-09-04T04:19:31.921Z,4,
JOV-2962,Backlog,2026-06-10T00:56:06.212Z,2026-09-04T04:10:13.503Z,4,
JOV-2963,Backlog,2026-06-10T00:56:11.941Z,2026-09-06T04:21:17.402Z,3,
JOV-2965,Backlog,2026-06-10T00:56:17.728Z,2026-09-04T04:10:27.840Z,4,
JOV-2966,Todo,2026-06-10T00:56:20.802Z,2026-09-12T14:13:31.519Z,2,
JOV-2967,Todo,2026-06-10T00:56:26.085Z,2026-09-23T11:31:16.011Z,2,
JOV-2969,Backlog,2026-06-10T02:01:34.117Z,2026-09-04T04:19:39.058Z,3,
JOV-2970,Todo,2026-06-10T03:28:07.267Z,2026-09-23T12:50:06.384Z,2,
JOV-2972,Backlog,2026-06-10T03:29:18.122Z,2026-09-04T04:19:33.200Z,3,
JOV-2974,Backlog,2026-06-10T03:29:20.921Z,2026-09-07T17:45:05.278Z,3,
JOV-2976,Backlog,2026-06-10T03:29:33.500Z,2026-09-23T12:50:33.086Z,3,
JOV-2977,Backlog,2026-06-10T03:29:35.044Z,2026-09-04T04:11:50.560Z,1,
JOV-2978,Backlog,2026-06-10T03:29:35.951Z,2026-09-04T04:19:35.877Z,3,
JOV-2979,Backlog,2026-06-10T03:29:38.246Z,2026-09-04T04:19:37.235Z,3,
JOV-2984,Todo,2026-06-10T22:03:27.484Z,2026-09-04T04:10:25.322Z,3,
JOV-2986,Backlog,2026-06-10T22:34:56.393Z,2026-09-20T21:30:38.604Z,3,
JOV-2991,Backlog,2026-06-10T22:37:49.577Z,2026-09-04T04:19:56.012Z,3,
JOV-2992,Backlog,2026-06-10T22:37:52.907Z,2026-09-25T01:00:45.068Z,3,
JOV-3000,Backlog,2026-06-10T22:38:18.958Z,2026-09-04T04:19:50.438Z,3,
JOV-3004,Backlog,2026-06-10T23:27:42.134Z,2026-09-11T22:47:07.539Z,3,
JOV-3016,Backlog,2026-06-10T23:29:01.679Z,2026-09-04T04:19:53.296Z,3,
JOV-3037,Todo,2026-06-11T04:56:32.345Z,2026-09-14T03:06:28.462Z,2,
JOV-3044,Backlog,2026-06-11T04:59:06.721Z,2026-09-04T04:19:51.960Z,3,
JOV-3045,Backlog,2026-06-11T04:59:10.118Z,2026-09-04T04:20:00.356Z,3,
JOV-3062,Todo,2026-06-11T05:45:57.185Z,2026-09-14T03:11:50.722Z,2,
JOV-3063,Todo,2026-06-11T05:46:41.905Z,2026-09-14T03:12:14.864Z,3,
JOV-3064,Backlog,2026-06-11T05:46:42.812Z,2026-09-14T03:10:12.836Z,3,
JOV-3065,Backlog,2026-06-11T05:46:45.594Z,2026-09-14T03:10:12.836Z,3,
JOV-3066,Todo,2026-06-11T05:47:39.450Z,2026-09-14T03:10:53.448Z,2,
JOV-3070,Backlog,2026-06-11T05:48:08.450Z,2026-09-14T03:10:12.836Z,3,
JOV-3071,Backlog,2026-06-11T05:48:10.537Z,2026-09-14T03:10:34.039Z,3,
JOV-3077,Backlog,2026-06-11T20:55:05.958Z,2026-09-04T04:12:41.139Z,2,
JOV-3078,Todo,2026-06-11T20:55:07.179Z,2026-09-04T04:43:44.665Z,3,
JOV-3079,Backlog,2026-06-11T20:55:08.556Z,2026-09-04T04:20:08.398Z,3,
JOV-3081,Backlog,2026-06-12T19:24:09.845Z,2026-09-04T04:20:10.354Z,3,
JOV-3082,Backlog,2026-06-12T19:30:51.999Z,2026-09-04T04:07:21.733Z,2,
JOV-3085,Todo,2026-06-12T19:32:04.885Z,2026-09-04T04:25:22.079Z,2,
JOV-3086,Backlog,2026-06-12T19:32:06.850Z,2026-09-04T04:07:16.862Z,2,
JOV-3088,Todo,2026-06-12T19:33:05.296Z,2026-09-12T20:19:49.617Z,3,
JOV-3098,Backlog,2026-06-12T22:35:54.829Z,2026-09-04T04:07:19.669Z,2,
JOV-3110,Backlog,2026-06-13T00:13:32.245Z,2026-09-15T02:58:55.949Z,2,
JOV-3112,Backlog,2026-06-13T00:15:01.972Z,2026-09-12T18:31:37.522Z,3,
JOV-3113,Backlog,2026-06-13T00:15:03.697Z,2026-09-04T04:20:14.968Z,4,
JOV-3115,Backlog,2026-06-13T00:15:07.976Z,2026-09-04T04:08:54.086Z,3,
JOV-3117,Backlog,2026-06-13T00:15:11.042Z,2026-09-04T04:07:15.059Z,2,
JOV-3118,Backlog,2026-06-13T01:11:40.022Z,2026-09-04T04:20:24.085Z,3,
JOV-3122,Backlog,2026-06-13T01:21:07.059Z,2026-09-04T04:23:53.345Z,3,
JOV-3124,Backlog,2026-06-13T02:40:36.995Z,2026-09-04T04:20:21.549Z,4,
JOV-3129,Backlog,2026-06-13T19:40:56.055Z,2026-09-04T04:09:08.346Z,3,
JOV-3131,Backlog,2026-06-13T19:41:34.078Z,2026-09-04T04:19:23.984Z,3,
JOV-3132,Backlog,2026-06-13T19:41:37.977Z,2026-09-04T04:18:40.642Z,3,
JOV-3136,Backlog,2026-06-13T20:36:32.836Z,2026-09-15T16:24:15.143Z,3,
JOV-3151,Backlog,2026-06-13T20:39:50.878Z,2026-09-04T04:18:41.900Z,3,
JOV-3159,Backlog,2026-06-13T20:41:04.932Z,2026-09-04T04:09:06.829Z,3,
JOV-3167,Backlog,2026-06-13T20:47:09.047Z,2026-09-05T12:02:57.191Z,3,
JOV-3173,Backlog,2026-06-13T22:18:23.603Z,2026-09-04T04:20:20.178Z,4,
JOV-3179,Backlog,2026-06-14T17:54:36.292Z,2026-09-04T04:07:56.877Z,2,
JOV-3187,Backlog,2026-06-15T01:35:51.332Z,2026-09-04T04:09:02.269Z,3,
JOV-3188,Backlog,2026-06-15T01:37:06.928Z,2026-09-04T04:11:47.802Z,3,Tim White
JOV-3191,Backlog,2026-06-15T01:37:12.453Z,2026-09-19T18:22:02.170Z,3,
JOV-3192,Backlog,2026-06-15T01:37:13.531Z,2026-09-16T20:20:48.013Z,2,
JOV-3194,Backlog,2026-06-15T01:38:05.693Z,2026-09-04T04:20:18.963Z,4,
JOV-3198,Backlog,2026-06-15T03:22:08.182Z,2026-09-04T04:10:36.022Z,3,
JOV-3199,Backlog,2026-06-15T05:15:24.258Z,2026-09-03T20:56:00.356Z,3,
JOV-3202,Backlog,2026-06-15T05:15:59.609Z,2026-09-04T04:23:52.088Z,4,
JOV-3207,Backlog,2026-06-15T05:24:25.318Z,2026-09-04T04:10:32.662Z,3,
JOV-3209,Backlog,2026-06-15T06:00:30.188Z,2026-09-04T04:08:31.951Z,3,
JOV-3224,Backlog,2026-06-15T13:13:15.604Z,2026-09-04T04:09:01.068Z,3,
JOV-3241,Backlog,2026-06-17T18:06:44.458Z,2026-09-14T18:32:49.549Z,3,
JOV-3254,Backlog,2026-06-17T19:40:32.060Z,2026-08-31T12:31:19.773Z,4,
JOV-3294,Backlog,2026-06-20T03:31:02.254Z,2026-09-06T03:01:45.924Z,4,
JOV-3296,Backlog,2026-06-20T03:31:25.290Z,2026-09-04T04:20:13.310Z,4,
JOV-3311,Backlog,2026-06-20T20:49:17.763Z,2026-09-04T04:18:39.537Z,3,
JOV-3312,Backlog,2026-06-20T20:49:18.864Z,2026-09-04T04:18:01.588Z,3,
JOV-3316,Backlog,2026-06-20T21:50:34.042Z,2026-09-04T04:10:12.017Z,4,
JOV-3318,Backlog,2026-06-20T22:20:50.649Z,2026-09-04T04:10:20.941Z,3,
JOV-3319,Backlog,2026-06-20T22:20:53.774Z,2026-09-04T04:20:25.569Z,4,
JOV-3320,Backlog,2026-06-20T22:42:47.439Z,2026-09-07T13:12:37.595Z,4,
JOV-3321,Backlog,2026-06-21T01:27:59.492Z,2026-09-05T12:03:10.585Z,3,
JOV-3323,Todo,2026-06-21T01:30:09.606Z,2026-09-07T17:49:22.830Z,3,
JOV-3325,Backlog,2026-06-21T01:30:15.067Z,2026-09-04T04:18:47.342Z,3,
JOV-3326,Backlog,2026-06-21T01:30:16.600Z,2026-09-04T04:18:51.503Z,3,
JOV-3331,In Progress,2026-06-21T01:35:22.267Z,2026-09-07T17:49:22.900Z,3,Tim White
JOV-3334,Backlog,2026-06-21T01:57:47.931Z,2026-09-05T12:03:10.832Z,3,
JOV-3335,Duplicate,2026-06-21T01:57:52.820Z,2026-07-28T17:52:36.823Z,3,
JOV-3345,Backlog,2026-06-21T02:57:35.446Z,2026-09-04T04:16:48.830Z,2,
JOV-3353,In Review,2026-06-21T14:00:59.367Z,2026-09-26T05:35:35.612Z,2,Tim White
JOV-3360,Backlog,2026-06-21T20:29:04.755Z,2026-09-19T14:35:21.607Z,3,
JOV-3361,Backlog,2026-06-21T20:31:22.425Z,2026-09-04T04:20:32.280Z,4,
JOV-3364,Backlog,2026-06-21T20:31:38.373Z,2026-09-04T04:18:52.624Z,3,
JOV-3365,Backlog,2026-06-21T20:31:42.369Z,2026-09-04T04:20:28.601Z,3,
JOV-3366,Backlog,2026-06-21T20:31:44.981Z,2026-09-11T22:20:51.007Z,3,
JOV-3371,Backlog,2026-06-21T20:44:58.606Z,2026-08-29T06:20:24.958Z,2,
JOV-3374,Backlog,2026-06-21T22:25:36.687Z,2026-09-04T04:11:26.758Z,1,
JOV-3379,Backlog,2026-06-21T22:37:38.030Z,2026-09-04T04:08:59.435Z,3,
JOV-3381,Backlog,2026-06-21T22:38:36.595Z,2026-09-04T04:11:28.353Z,3,
JOV-3382,Backlog,2026-06-21T22:38:38.120Z,2026-09-04T04:11:52.306Z,3,
JOV-3385,Backlog,2026-06-21T22:56:04.896Z,2026-09-04T04:06:53.065Z,3,
JOV-3389,Backlog,2026-06-21T22:56:57.978Z,2026-09-02T15:39:40.707Z,3,
JOV-3391,Backlog,2026-06-21T22:57:01.136Z,2026-09-22T17:55:06.884Z,4,
JOV-3392,Backlog,2026-06-21T23:00:55.138Z,2026-09-15T02:58:57.170Z,3,
JOV-3394,Backlog,2026-06-21T23:02:00.609Z,2026-09-04T04:07:01.787Z,3,
JOV-3396,Backlog,2026-06-21T23:17:33.017Z,2026-09-04T04:12:58.815Z,3,Tim White
JOV-3429,Backlog,2026-06-21T23:26:20.000Z,2026-09-04T04:20:30.854Z,3,Tim White
JOV-3431,Backlog,2026-06-22T00:56:04.827Z,2026-07-20T23:49:06.304Z,3,
JOV-3432,Todo,2026-06-22T01:58:03.005Z,2026-09-25T00:58:22.933Z,3,
JOV-3439,Backlog,2026-06-22T04:03:54.394Z,2026-09-04T04:12:56.041Z,4,Tim White
JOV-3446,Backlog,2026-06-22T05:35:57.037Z,2026-09-04T04:12:57.406Z,3,Tim White
JOV-3454,Duplicate,2026-06-22T17:08:06.996Z,2026-06-27T05:14:50.130Z,1,
JOV-3474,Backlog,2026-06-23T18:00:16.939Z,2026-07-20T23:49:00.198Z,3,
JOV-3477,Backlog,2026-06-23T20:25:37.180Z,2026-09-04T04:08:56.616Z,3,
JOV-3478,Backlog,2026-06-23T20:25:38.612Z,2026-09-04T04:19:04.170Z,3,
JOV-3481,Backlog,2026-06-23T22:06:41.604Z,2026-09-04T04:12:20.563Z,2,Tim White
JOV-3483,Backlog,2026-06-23T22:07:00.929Z,2026-09-04T04:13:33.227Z,2,Tim White
JOV-3488,Backlog,2026-06-23T22:44:08.867Z,2026-09-04T03:57:32.643Z,4,Tim White
JOV-3495,Todo,2026-06-24T00:58:51.254Z,2026-09-25T00:49:43.677Z,3,
JOV-3498,Backlog,2026-06-24T16:03:40.924Z,2026-09-04T04:14:49.967Z,3,Tim White
JOV-3503,Backlog,2026-06-24T21:13:20.816Z,2026-09-04T04:12:14.390Z,2,Tim White
JOV-3504,Backlog,2026-06-24T21:39:00.307Z,2026-09-04T04:18:31.918Z,3,
JOV-3505,Backlog,2026-06-24T21:39:09.953Z,2026-09-04T04:18:28.711Z,3,
JOV-3507,Backlog,2026-06-24T21:55:44.660Z,2026-09-12T14:14:14.012Z,3,
JOV-3509,Backlog,2026-06-24T21:56:12.560Z,2026-08-17T23:42:25.650Z,3,
JOV-3514,Backlog,2026-06-25T00:37:51.361Z,2026-09-04T04:08:49.733Z,3,
JOV-3521,Backlog,2026-06-25T02:36:08.509Z,2026-09-15T02:50:33.659Z,3,Tim White
JOV-3529,Backlog,2026-06-25T06:33:13.480Z,2026-09-04T04:11:12.525Z,3,
JOV-3530,Backlog,2026-06-25T06:43:28.333Z,2026-09-04T04:15:57.391Z,3,
JOV-3534,Duplicate,2026-06-25T13:07:52.869Z,2026-07-10T21:41:18.887Z,2,Tim White
JOV-3535,Duplicate,2026-06-25T14:08:32.568Z,2026-07-10T21:41:18.508Z,2,
JOV-3536,Duplicate,2026-06-25T16:07:58.946Z,2026-07-10T21:41:18.086Z,2,Tim White
JOV-3539,Backlog,2026-06-25T17:16:00.855Z,2026-09-04T04:23:58.551Z,3,
JOV-3540,Backlog,2026-06-25T17:17:28.797Z,2026-09-04T04:20:37.418Z,3,
JOV-3541,Backlog,2026-06-25T17:17:30.656Z,2026-09-04T04:20:39.736Z,3,
JOV-3542,Backlog,2026-06-25T17:17:33.565Z,2026-09-04T04:20:41.385Z,3,
JOV-3546,Backlog,2026-06-25T17:27:54.500Z,2026-09-16T17:36:44.560Z,3,
JOV-3553,Duplicate,2026-06-25T20:07:15.349Z,2026-08-31T01:12:12.103Z,2,
JOV-3559,Duplicate,2026-06-26T11:08:17.444Z,2026-08-31T01:12:12.143Z,2,Tim White
JOV-3560,Backlog,2026-06-26T19:24:17.338Z,2026-08-31T01:12:50.498Z,3,
JOV-3561,Todo,2026-06-26T21:07:31.325Z,2026-09-20T12:22:33.995Z,1,
JOV-3565,Backlog,2026-06-26T22:50:45.367Z,2026-09-04T04:20:57.455Z,3,
JOV-3566,Backlog,2026-06-26T23:08:00.387Z,2026-09-04T04:20:42.875Z,3,
JOV-3568,Backlog,2026-06-26T23:08:47.689Z,2026-08-29T06:20:24.958Z,3,
JOV-3569,Backlog,2026-06-26T23:52:58.603Z,2026-09-04T04:20:44.775Z,3,
JOV-3581,Duplicate,2026-06-27T00:07:49.017Z,2026-07-10T21:41:17.703Z,2,
JOV-3582,Backlog,2026-06-27T00:35:29.938Z,2026-09-04T04:20:50.840Z,3,
JOV-3583,Backlog,2026-06-27T00:57:16.536Z,2026-09-04T04:39:11.883Z,3,
JOV-3585,Backlog,2026-06-27T01:01:54.407Z,2026-09-24T18:04:52.036Z,2,
JOV-3598,Backlog,2026-06-27T05:20:53.976Z,2026-09-04T04:21:30.207Z,3,
JOV-3601,Duplicate,2026-06-27T08:08:05.495Z,2026-08-31T01:11:30.039Z,3,
JOV-3603,Duplicate,2026-06-27T15:07:12.155Z,2026-08-31T01:12:13.615Z,3,
JOV-3605,Backlog,2026-06-27T16:24:27.564Z,2026-09-04T04:09:12.047Z,3,
JOV-3625,Backlog,2026-06-27T21:34:46.729Z,2026-09-12T18:30:56.742Z,3,
JOV-3627,Backlog,2026-06-27T21:35:05.645Z,2026-09-04T04:10:14.900Z,3,
JOV-3641,Backlog,2026-06-27T23:18:26.462Z,2026-09-04T04:18:50.222Z,3,
JOV-3646,Backlog,2026-06-28T01:02:09.474Z,2026-09-12T04:46:24.807Z,3,
JOV-3665,Backlog,2026-06-28T04:45:39.000Z,2026-09-04T04:21:36.842Z,3,Tim White
JOV-3667,Backlog,2026-06-28T12:08:11.070Z,2026-08-31T01:12:53.525Z,3,
JOV-3671,Duplicate,2026-06-28T17:07:26.419Z,2026-08-31T01:12:10.807Z,3,
JOV-3675,Todo,2026-06-28T19:17:25.887Z,2026-09-16T16:53:00.567Z,2,
JOV-3676,Duplicate,2026-06-28T19:18:39.967Z,2026-07-31T02:01:55.968Z,3,
JOV-3677,Backlog,2026-06-28T19:18:41.506Z,2026-09-23T13:09:56.376Z,3,
JOV-3684,Backlog,2026-06-28T19:43:35.835Z,2026-09-03T05:46:52.869Z,3,
JOV-3686,Backlog,2026-06-28T19:44:12.530Z,2026-09-03T05:46:52.869Z,3,
JOV-3687,Backlog,2026-06-28T19:44:13.875Z,2026-09-04T04:21:43.809Z,4,
JOV-3689,Todo,2026-06-28T19:50:15.432Z,2026-09-23T11:40:16.504Z,3,
JOV-3692,Duplicate,2026-06-28T19:50:18.600Z,2026-07-02T17:48:48.316Z,3,
JOV-3697,Backlog,2026-06-29T16:14:12.775Z,2026-09-04T04:12:07.418Z,3,
JOV-3699,Backlog,2026-06-29T16:19:14.000Z,2026-09-04T04:21:40.857Z,4,Tim White
JOV-3700,Backlog,2026-06-29T16:20:43.000Z,2026-09-04T04:21:35.038Z,4,Tim White
JOV-3701,Backlog,2026-06-29T16:20:49.000Z,2026-09-04T04:21:39.658Z,4,Tim White
JOV-3704,Backlog,2026-06-29T16:21:05.000Z,2026-09-04T04:22:41.066Z,3,Tim White
JOV-3705,In Progress,2026-06-29T19:36:37.000Z,2026-09-25T20:19:13.847Z,2,Tim White
JOV-3708,Backlog,2026-06-29T20:39:01.383Z,2026-09-04T04:15:55.669Z,3,Tim White
JOV-3709,Backlog,2026-06-29T20:39:02.638Z,2026-09-04T04:21:16.099Z,3,Tim White
JOV-3711,Backlog,2026-06-29T20:39:03.228Z,2026-09-04T04:10:39.116Z,3,Tim White
JOV-3713,Backlog,2026-06-29T20:39:03.845Z,2026-09-23T12:52:17.057Z,4,Tim White
JOV-3714,Backlog,2026-06-29T20:39:04.354Z,2026-08-31T00:46:19.702Z,4,Tim White
JOV-3715,Backlog,2026-06-29T22:49:39.035Z,2026-09-04T04:10:40.537Z,4,
JOV-3719,Backlog,2026-06-30T22:09:38.848Z,2026-09-04T04:10:45.145Z,3,
JOV-3720,Todo,2026-06-30T22:10:23.119Z,2026-09-20T00:11:09.872Z,2,
JOV-3721,Todo,2026-06-30T22:11:08.280Z,2026-09-20T10:46:28.887Z,2,
JOV-3722,Todo,2026-06-30T22:11:09.527Z,2026-09-19T18:48:52.157Z,2,
JOV-3723,Todo,2026-06-30T22:11:10.709Z,2026-09-19T18:49:02.734Z,2,
JOV-3724,Backlog,2026-06-30T22:11:12.548Z,2026-09-04T04:20:58.922Z,4,
JOV-3725,Backlog,2026-06-30T22:24:27.500Z,2026-09-04T04:10:22.039Z,3,
JOV-3726,Duplicate,2026-07-01T01:24:09.000Z,2026-08-31T01:19:07.354Z,3,Tim White
JOV-3727,Backlog,2026-07-01T01:24:27.000Z,2026-09-04T04:10:26.507Z,4,Tim White
JOV-3728,Backlog,2026-07-01T01:24:43.000Z,2026-09-04T04:21:13.935Z,4,Tim White
JOV-3734,Backlog,2026-07-01T02:10:03.105Z,2026-09-04T04:07:49.334Z,2,
JOV-3735,Backlog,2026-07-01T02:28:51.000Z,2026-09-04T04:07:13.758Z,2,Tim White
JOV-3736,Backlog,2026-07-01T02:29:07.000Z,2026-09-04T04:10:43.266Z,4,Tim White
JOV-3737,Backlog,2026-07-01T02:58:42.000Z,2026-09-04T04:10:41.854Z,4,Tim White
JOV-3738,Backlog,2026-07-01T03:13:25.000Z,2026-09-04T04:10:37.292Z,4,Tim White
JOV-3739,Backlog,2026-07-01T03:21:34.000Z,2026-09-04T04:08:55.229Z,3,Tim White
JOV-3740,Backlog,2026-07-01T12:01:51.998Z,2026-09-04T04:47:41.882Z,2,
JOV-3742,Backlog,2026-07-01T12:01:55.979Z,2026-09-04T04:13:28.090Z,2,
JOV-3743,Backlog,2026-07-01T20:41:04.052Z,2026-08-31T01:19:11.134Z,3,
JOV-3745,Backlog,2026-07-01T20:42:06.461Z,2026-09-04T04:09:13.536Z,3,
JOV-3746,Backlog,2026-07-01T20:42:08.025Z,2026-09-04T04:20:54.131Z,3,
JOV-3749,Backlog,2026-07-02T03:27:21.727Z,2026-09-04T04:23:54.772Z,3,
JOV-3750,Backlog,2026-07-02T03:28:26.616Z,2026-09-04T04:21:00.354Z,3,
JOV-3751,Todo,2026-07-02T03:28:28.165Z,2026-09-04T04:24:48.232Z,3,
JOV-3753,Backlog,2026-07-02T03:28:31.325Z,2026-09-04T04:21:04.010Z,3,
JOV-3754,Backlog,2026-07-02T03:29:20.783Z,2026-09-17T12:08:14.572Z,3,
JOV-3755,Backlog,2026-07-02T03:29:21.718Z,2026-09-04T04:21:02.425Z,3,
JOV-3756,Backlog,2026-07-02T03:29:23.136Z,2026-09-04T04:24:09.590Z,3,
JOV-3758,Backlog,2026-07-02T03:43:19.162Z,2026-08-31T13:55:28.816Z,3,
JOV-3762,Backlog,2026-07-02T03:48:25.537Z,2026-09-04T04:21:05.567Z,4,
JOV-3764,Todo,2026-07-02T03:48:44.798Z,2026-09-09T16:05:34.087Z,2,
JOV-3767,Backlog,2026-07-02T03:49:07.696Z,2026-09-04T04:11:32.017Z,3,
JOV-3774,Backlog,2026-07-02T04:08:45.725Z,2026-09-04T04:20:49.103Z,4,
JOV-3775,Todo,2026-07-02T04:08:47.121Z,2026-09-26T05:35:34.200Z,2,
JOV-3778,Todo,2026-07-02T04:26:41.291Z,2026-09-07T17:52:20.116Z,2,
JOV-3779,Backlog,2026-07-02T04:30:04.418Z,2026-09-07T17:42:54.224Z,3,
JOV-3780,Backlog,2026-07-02T04:30:07.226Z,2026-09-04T04:19:19.693Z,3,
JOV-3782,Backlog,2026-07-02T04:30:15.003Z,2026-09-04T04:19:18.443Z,3,
JOV-3783,Backlog,2026-07-02T04:30:19.897Z,2026-09-04T04:19:15.306Z,3,
JOV-3784,In Progress,2026-07-02T04:30:26.464Z,2026-09-05T13:31:22.894Z,3,Tim White
JOV-3785,Backlog,2026-07-02T04:30:29.288Z,2026-09-07T17:42:54.224Z,3,
JOV-3786,Backlog,2026-07-02T04:30:32.663Z,2026-09-04T04:19:11.398Z,3,
JOV-3787,Backlog,2026-07-02T04:30:36.543Z,2026-09-04T04:19:06.580Z,3,
JOV-3788,Backlog,2026-07-02T04:30:38.592Z,2026-09-07T17:42:54.224Z,3,
JOV-3793,Backlog,2026-07-02T04:30:55.879Z,2026-09-04T04:09:09.421Z,3,
JOV-3794,Backlog,2026-07-02T04:30:57.954Z,2026-09-07T17:49:22.828Z,3,
JOV-3795,Backlog,2026-07-02T04:31:04.678Z,2026-09-04T04:19:14.009Z,3,
JOV-3796,Backlog,2026-07-02T04:31:06.656Z,2026-09-07T17:49:22.821Z,3,
JOV-3797,Backlog,2026-07-02T04:31:08.050Z,2026-09-15T16:24:15.143Z,3,
JOV-3798,Backlog,2026-07-02T04:31:14.811Z,2026-09-07T17:49:22.832Z,3,
JOV-3806,Backlog,2026-07-02T08:35:48.776Z,2026-09-04T04:08:35.680Z,2,
JOV-3807,Backlog,2026-07-02T08:52:30.668Z,2026-09-04T04:12:50.152Z,2,Tim White
JOV-3809,Duplicate,2026-07-02T13:07:48.000Z,2026-08-31T01:12:13.238Z,3,Tim White
JOV-3819,Backlog,2026-07-02T18:41:52.000Z,2026-09-04T04:23:56.921Z,3,Tim White
JOV-3829,Backlog,2026-07-02T21:42:02.617Z,2026-09-04T04:12:34.004Z,2,
JOV-3834,Backlog,2026-07-03T04:06:26.082Z,2026-09-04T04:18:00.233Z,3,Tim White
JOV-3837,Backlog,2026-07-03T05:51:11.796Z,2026-09-04T04:12:09.223Z,3,Tim White
JOV-3840,Backlog,2026-07-03T08:12:58.000Z,2026-07-20T23:47:17.009Z,3,Tim White
JOV-3841,Backlog,2026-07-03T08:20:47.000Z,2026-09-04T04:13:01.859Z,2,Tim White
JOV-3862,Backlog,2026-07-03T12:27:08.459Z,2026-07-20T23:47:14.259Z,3,
JOV-3880,Todo,2026-07-03T18:28:28.000Z,2026-09-04T04:44:23.653Z,3,
JOV-3882,Backlog,2026-07-03T19:07:42.564Z,2026-09-03T21:10:41.269Z,4,Tim White
JOV-3883,Backlog,2026-07-03T19:07:42.970Z,2026-08-31T00:46:18.011Z,4,Tim White
JOV-3891,Backlog,2026-07-03T22:34:47.367Z,2026-09-04T04:18:58.148Z,3,
JOV-3892,Backlog,2026-07-03T22:34:48.144Z,2026-09-04T04:18:56.973Z,3,Tim White
JOV-3900,Backlog,2026-07-04T03:01:02.346Z,2026-07-20T23:47:07.742Z,4,Tim White
JOV-3902,Backlog,2026-07-04T05:54:40.717Z,2026-09-04T04:16:55.116Z,3,
JOV-3909,Backlog,2026-07-04T05:55:51.198Z,2026-09-23T11:39:15.687Z,3,
JOV-3910,Backlog,2026-07-04T06:22:59.853Z,2026-09-04T04:21:49.305Z,4,Tim White
JOV-3911,Backlog,2026-07-04T08:26:15.000Z,2026-07-20T23:47:05.342Z,4,Tim White
JOV-3912,Backlog,2026-07-04T08:26:45.000Z,2026-07-30T04:24:15.524Z,3,Tim White
JOV-3914,Duplicate,2026-07-04T17:05:44.000Z,2026-08-31T01:19:07.354Z,4,Tim White
JOV-3916,Duplicate,2026-07-04T17:06:04.000Z,2026-08-31T01:18:01.999Z,4,Tim White
JOV-3917,Backlog,2026-07-04T17:06:14.000Z,2026-09-04T04:21:07.632Z,3,Tim White
JOV-3921,Backlog,2026-07-04T17:07:10.000Z,2026-09-04T04:21:08.982Z,3,Tim White
JOV-3925,Backlog,2026-07-04T18:38:38.611Z,2026-09-04T04:18:33.411Z,3,
JOV-3929,Backlog,2026-07-04T22:06:49.034Z,2026-09-23T23:31:33.307Z,3,
JOV-3934,Backlog,2026-07-04T22:38:43.114Z,2026-09-04T04:16:07.651Z,4,
JOV-3935,Backlog,2026-07-04T22:39:05.113Z,2026-09-16T20:20:49.739Z,2,
JOV-3942,Backlog,2026-07-04T23:02:57.958Z,2026-09-04T04:17:03.754Z,3,
JOV-3947,Backlog,2026-07-04T23:04:25.029Z,2026-09-04T04:21:28.653Z,3,
JOV-3949,Backlog,2026-07-04T23:04:56.142Z,2026-09-04T04:21:33.695Z,4,
JOV-3950,Backlog,2026-07-04T23:05:12.234Z,2026-09-04T04:21:38.309Z,3,
JOV-3951,Backlog,2026-07-04T23:05:27.837Z,2026-09-04T04:21:27.403Z,4,
JOV-3952,Backlog,2026-07-04T23:05:41.812Z,2026-09-04T04:21:47.435Z,3,
JOV-3953,Backlog,2026-07-04T23:05:59.034Z,2026-09-04T04:21:31.730Z,3,
JOV-3954,Duplicate,2026-07-05T03:08:07.000Z,2026-08-31T01:12:12.305Z,3,Tim White
JOV-3970,Backlog,2026-07-05T06:39:33.000Z,2026-09-04T04:21:22.059Z,3,Tim White
JOV-3972,Backlog,2026-07-05T07:04:13.004Z,2026-09-03T18:15:51.416Z,4,
JOV-3973,Backlog,2026-07-05T07:04:21.566Z,2026-09-22T17:55:06.884Z,4,
JOV-3976,Duplicate,2026-07-05T08:07:03.000Z,2026-08-31T01:12:12.611Z,3,Tim White
JOV-3979,Backlog,2026-07-05T13:09:20.000Z,2026-09-04T04:39:19.316Z,3,
JOV-3981,Duplicate,2026-07-05T19:07:50.000Z,2026-08-31T01:12:11.140Z,3,Tim White
JOV-3983,Backlog,2026-07-05T21:16:45.911Z,2026-09-04T04:08:00.591Z,3,
JOV-3984,Duplicate,2026-07-05T21:25:42.082Z,2026-09-04T03:59:30.352Z,3,
JOV-3987,Backlog,2026-07-05T22:08:41.273Z,2026-09-04T04:08:02.379Z,2,
JOV-3990,Backlog,2026-07-05T22:55:46.739Z,2026-09-04T04:08:04.444Z,2,
JOV-3991,Backlog,2026-07-05T22:55:47.217Z,2026-09-04T04:08:05.714Z,2,
JOV-3992,Backlog,2026-07-05T23:11:49.214Z,2026-09-04T04:24:06.221Z,3,
JOV-3993,Backlog,2026-07-05T23:14:21.276Z,2026-09-26T05:35:41.660Z,2,
JOV-4006,Backlog,2026-07-05T23:31:12.158Z,2026-09-04T04:06:55.607Z,4,
JOV-4015,Backlog,2026-07-05T23:31:21.921Z,2026-09-05T22:02:40.227Z,4,
JOV-4018,Backlog,2026-07-05T23:31:26.997Z,2026-09-04T04:06:50.694Z,4,
JOV-4029,Backlog,2026-07-06T00:00:12.000Z,2026-09-04T04:15:54.009Z,3,Tim White
JOV-4030,Backlog,2026-07-06T00:14:31.000Z,2026-09-04T04:21:24.746Z,3,Tim White
JOV-4031,Backlog,2026-07-06T00:49:25.000Z,2026-09-04T04:21:26.127Z,3,Tim White
JOV-4032,Duplicate,2026-07-06T05:06:46.000Z,2026-08-31T01:12:52.842Z,3,Tim White
JOV-4034,Duplicate,2026-07-06T07:07:44.000Z,2026-08-31T01:12:53.933Z,3,Tim White
JOV-4047,Duplicate,2026-07-06T17:06:22.000Z,2026-08-31T01:19:09.781Z,4,Tim White
JOV-4048,Duplicate,2026-07-06T17:06:22.000Z,2026-08-31T01:12:51.277Z,3,Tim White
JOV-4050,Backlog,2026-07-06T17:07:11.000Z,2026-09-04T04:21:45.637Z,3,Tim White
JOV-4051,Duplicate,2026-07-06T17:07:37.000Z,2026-08-31T01:19:31.192Z,4,
JOV-4052,Backlog,2026-07-06T17:08:02.000Z,2026-09-04T04:12:10.420Z,2,Tim White
JOV-4054,Backlog,2026-07-06T17:08:52.000Z,2026-09-04T04:18:59.409Z,3,Tim White
JOV-4056,Todo,2026-07-06T17:09:40.000Z,2026-09-04T04:44:01.467Z,3,
JOV-4057,Backlog,2026-07-06T17:10:02.000Z,2026-09-04T04:09:14.716Z,3,Tim White
JOV-4058,Backlog,2026-07-06T17:10:28.000Z,2026-09-04T04:21:20.314Z,3,Tim White
JOV-4059,Backlog,2026-07-06T19:28:03.000Z,2026-09-04T04:21:50.753Z,3,Tim White
JOV-4063,Backlog,2026-07-06T22:33:10.374Z,2026-09-13T01:45:45.817Z,3,
JOV-4064,Backlog,2026-07-07T01:16:44.684Z,2026-09-04T04:21:53.480Z,4,Tim White
JOV-4066,Backlog,2026-07-07T01:16:45.652Z,2026-09-04T04:21:42.113Z,4,Tim White
JOV-4068,Backlog,2026-07-07T01:16:46.548Z,2026-09-04T04:22:00.841Z,4,Tim White
JOV-4069,Backlog,2026-07-07T01:16:47.003Z,2026-09-04T04:22:06.428Z,4,Tim White
JOV-4070,Backlog,2026-07-07T01:16:47.612Z,2026-09-04T04:22:51.275Z,4,Tim White
JOV-4071,Backlog,2026-07-07T01:16:48.048Z,2026-09-04T04:11:37.834Z,3,Tim White
JOV-4072,Backlog,2026-07-07T01:16:48.589Z,2026-09-04T04:22:05.078Z,4,Tim White
JOV-4073,Backlog,2026-07-07T01:25:37.841Z,2026-09-18T01:41:09.306Z,2,
JOV-4074,Backlog,2026-07-07T01:26:37.652Z,2026-09-23T11:47:55.163Z,1,
JOV-4075,Backlog,2026-07-07T01:26:39.850Z,2026-09-23T12:52:17.057Z,4,
JOV-4076,Backlog,2026-07-07T01:26:41.302Z,2026-09-18T01:41:10.938Z,2,
JOV-4077,Backlog,2026-07-07T01:26:43.041Z,2026-09-03T22:39:27.989Z,3,
JOV-4078,Backlog,2026-07-07T01:26:45.566Z,2026-09-18T01:24:50.271Z,3,
JOV-4085,Backlog,2026-07-07T03:31:51.139Z,2026-09-16T17:36:45.502Z,3,
JOV-4086,Backlog,2026-07-07T08:11:34.000Z,2026-09-04T04:12:43.493Z,2,Tim White
JOV-4088,Duplicate,2026-07-07T17:08:38.000Z,2026-08-31T01:19:11.143Z,4,Tim White
JOV-4091,Duplicate,2026-07-07T17:09:22.000Z,2026-08-31T01:18:30.143Z,3,Tim White
JOV-4093,Backlog,2026-07-07T17:09:54.000Z,2026-08-31T01:19:09.696Z,3,Tim White
JOV-4094,Backlog,2026-07-07T17:10:12.000Z,2026-08-31T01:19:11.076Z,3,Tim White
JOV-4095,Duplicate,2026-07-07T17:10:28.000Z,2026-08-31T01:19:30.865Z,3,Tim White
JOV-4099,Duplicate,2026-07-07T19:23:16.732Z,2026-09-04T03:59:16.317Z,4,
JOV-4100,Backlog,2026-07-07T21:41:10.585Z,2026-09-04T04:07:58.710Z,4,
JOV-4101,Backlog,2026-07-08T14:44:51.000Z,2026-09-12T14:14:48.176Z,3,Tim White
JOV-4104,Backlog,2026-07-08T17:09:26.000Z,2026-08-31T01:18:30.126Z,3,Tim White
JOV-4105,Backlog,2026-07-08T17:09:12.000Z,2026-09-04T04:22:08.144Z,3,Tim White
JOV-4107,Backlog,2026-07-08T17:11:48.000Z,2026-09-04T04:21:56.807Z,3,Tim White
JOV-4109,Backlog,2026-07-08T17:12:10.000Z,2026-08-31T01:18:30.070Z,3,Tim White
JOV-4113,Backlog,2026-07-08T22:31:04.223Z,2026-09-04T04:24:01.485Z,4,
JOV-4114,Backlog,2026-07-08T22:31:21.546Z,2026-09-04T04:12:46.329Z,2,
JOV-4115,Backlog,2026-07-08T22:31:36.935Z,2026-09-04T04:24:07.676Z,4,
JOV-4116,Backlog,2026-07-08T22:31:52.124Z,2026-09-06T03:01:41.346Z,4,
JOV-4117,Backlog,2026-07-08T22:32:07.433Z,2026-09-04T04:22:22.690Z,4,
JOV-4118,Backlog,2026-07-08T23:01:01.000Z,2026-09-04T04:12:29.858Z,2,Tim White
JOV-4121,Backlog,2026-07-08T23:01:22.000Z,2026-09-03T21:32:37.187Z,3,Tim White
JOV-4124,Backlog,2026-07-08T23:01:42.000Z,2026-09-04T04:22:15.427Z,3,Tim White
JOV-4125,Backlog,2026-07-08T23:01:42.000Z,2026-09-24T18:03:27.581Z,3,Tim White
JOV-4126,Backlog,2026-07-08T23:01:43.000Z,2026-09-04T04:22:19.483Z,3,Tim White
JOV-4127,Backlog,2026-07-08T23:12:49.000Z,2026-09-04T04:22:09.353Z,3,Tim White
JOV-4129,Backlog,2026-07-08T23:12:49.000Z,2026-09-04T04:21:54.814Z,3,Tim White
JOV-4131,Backlog,2026-07-08T23:12:49.000Z,2026-09-04T04:18:35.313Z,3,Tim White
JOV-4133,Backlog,2026-07-08T23:13:10.000Z,2026-09-04T04:24:17.097Z,3,Tim White
JOV-4136,Backlog,2026-07-09T01:13:31.648Z,2026-09-04T04:07:48.288Z,4,
JOV-4137,Backlog,2026-07-09T02:28:55.000Z,2026-09-04T04:15:52.533Z,3,Tim White
JOV-4138,Backlog,2026-07-09T02:29:04.000Z,2026-09-04T04:15:50.997Z,3,Tim White
JOV-4139,Backlog,2026-07-09T02:29:05.000Z,2026-09-04T04:15:49.672Z,3,Tim White
JOV-4140,Backlog,2026-07-09T02:29:08.000Z,2026-09-04T04:15:48.451Z,3,Tim White
JOV-4141,Backlog,2026-07-09T02:29:10.000Z,2026-09-04T04:15:44.635Z,3,Tim White
JOV-4142,Backlog,2026-07-09T02:29:17.000Z,2026-09-04T04:15:42.683Z,3,Tim White
JOV-4143,Backlog,2026-07-09T02:29:19.000Z,2026-09-04T04:15:46.387Z,3,Tim White
JOV-4144,Backlog,2026-07-09T02:29:20.000Z,2026-09-04T04:15:41.331Z,3,Tim White
JOV-4145,Backlog,2026-07-09T02:29:20.000Z,2026-09-04T04:15:38.710Z,3,Tim White
JOV-4146,Backlog,2026-07-09T02:29:30.000Z,2026-09-04T04:15:39.982Z,3,Tim White
JOV-4147,Backlog,2026-07-09T02:29:31.000Z,2026-09-04T04:15:32.855Z,3,Tim White
JOV-4148,Backlog,2026-07-09T02:29:32.000Z,2026-09-04T04:15:35.863Z,3,Tim White
JOV-4149,Backlog,2026-07-09T02:30:25.000Z,2026-09-03T21:32:37.180Z,3,Tim White
JOV-4150,Backlog,2026-07-09T03:30:17.975Z,2026-09-04T04:11:21.675Z,3,
JOV-4151,Backlog,2026-07-09T03:30:26.435Z,2026-09-04T04:11:59.979Z,4,
JOV-4152,Backlog,2026-07-09T03:30:29.095Z,2026-09-03T20:52:30.691Z,4,
JOV-4155,Backlog,2026-07-09T12:06:28.334Z,2026-09-04T04:22:26.018Z,3,
JOV-4156,Duplicate,2026-07-09T18:18:48.977Z,2026-09-04T04:10:19.029Z,4,
JOV-4172,Duplicate,2026-07-10T02:11:41.877Z,2026-09-04T03:59:21.355Z,4,
JOV-4173,Backlog,2026-07-10T02:38:01.438Z,2026-08-31T00:46:09.079Z,3,Tim White
JOV-4186,Backlog,2026-07-10T08:20:31.277Z,2026-09-04T04:22:38.335Z,4,
JOV-4187,Backlog,2026-07-10T08:21:48.878Z,2026-09-04T04:14:36.174Z,3,
JOV-4189,Duplicate,2026-07-10T08:29:45.615Z,2026-07-27T17:57:19.257Z,2,Tim White
JOV-4190,Duplicate,2026-07-10T08:29:59.468Z,2026-09-26T05:35:34.235Z,2,
JOV-4194,Backlog,2026-07-10T10:33:44.890Z,2026-09-14T03:06:58.778Z,2,
JOV-4195,Todo,2026-07-10T10:33:45.530Z,2026-09-14T03:11:26.548Z,2,
JOV-4199,Backlog,2026-07-10T18:32:10.612Z,2026-09-04T04:14:38.730Z,3,
JOV-4201,Backlog,2026-07-10T18:32:15.606Z,2026-09-16T17:36:43.501Z,3,
JOV-4202,Backlog,2026-07-10T18:32:17.159Z,2026-09-04T04:22:56.492Z,4,
JOV-4204,Backlog,2026-07-10T18:32:20.996Z,2026-09-04T04:22:45.688Z,3,
JOV-4205,Duplicate,2026-07-10T19:06:46.000Z,2026-08-31T01:12:53.203Z,3,Tim White
JOV-4206,Duplicate,2026-07-10T20:37:47.069Z,2026-09-26T05:35:35.673Z,2,
JOV-4207,Backlog,2026-07-10T21:28:41.000Z,2026-09-04T04:14:31.433Z,3,Tim White
JOV-4208,Backlog,2026-07-10T22:07:09.000Z,2026-08-29T06:30:38.376Z,2,Tim White
JOV-4209,Backlog,2026-07-10T23:15:30.080Z,2026-09-04T04:22:48.644Z,3,Tim White
JOV-4210,Backlog,2026-07-10T23:15:35.102Z,2026-09-04T04:22:39.570Z,3,Tim White
JOV-4215,Duplicate,2026-07-11T11:07:51.000Z,2026-08-31T01:12:53.613Z,3,Tim White
JOV-4217,Todo,2026-07-11T22:06:54.000Z,2026-09-04T04:44:35.043Z,3,
JOV-4218,Backlog,2026-07-11T23:10:49.879Z,2026-09-03T22:04:55.802Z,3,
JOV-4221,Backlog,2026-07-12T02:27:07.622Z,2026-09-04T04:13:19.777Z,4,
JOV-4222,Backlog,2026-07-12T02:30:12.024Z,2026-09-04T04:39:17.419Z,3,
JOV-4223,Backlog,2026-07-12T06:03:58.546Z,2026-09-04T04:21:58.002Z,3,Tim White
JOV-4229,Backlog,2026-07-12T16:52:53.091Z,2026-09-26T05:35:33.948Z,4,
JOV-4230,Duplicate,2026-07-12T17:04:37.000Z,2026-08-31T01:19:07.354Z,3,Tim White
JOV-4232,Duplicate,2026-07-12T17:05:40.000Z,2026-08-31T01:18:27.232Z,3,Tim White
JOV-4234,Backlog,2026-07-12T17:06:17.000Z,2026-09-04T04:24:13.435Z,3,Tim White
JOV-4235,Duplicate,2026-07-12T17:06:21.000Z,2026-08-31T01:19:29.442Z,4,Tim White
JOV-4239,Backlog,2026-07-12T20:11:12.076Z,2026-09-04T04:13:17.454Z,4,
JOV-4241,Duplicate,2026-07-12T20:40:54.863Z,2026-09-04T03:59:32.218Z,2,
JOV-4242,Duplicate,2026-07-12T20:40:56.009Z,2026-08-15T02:19:14.859Z,2,
JOV-4246,Backlog,2026-07-12T23:27:54.000Z,2026-09-04T04:39:14.301Z,3,
JOV-4249,Todo,2026-07-13T02:06:50.000Z,2026-09-04T04:44:32.198Z,3,
JOV-4250,Todo,2026-07-13T02:51:39.136Z,2026-09-23T18:14:20.065Z,3,
JOV-4251,Todo,2026-07-13T02:53:27.000Z,2026-09-25T00:58:22.933Z,2,
JOV-4253,Backlog,2026-07-13T13:07:40.859Z,2026-09-04T04:17:26.273Z,3,
JOV-4254,Backlog,2026-07-13T13:07:43.520Z,2026-09-04T04:17:24.957Z,4,
JOV-4258,Backlog,2026-07-13T15:00:41.000Z,2026-09-04T04:14:32.668Z,3,Tim White
JOV-4259,Backlog,2026-07-13T15:01:25.000Z,2026-09-04T04:22:17.992Z,4,Tim White
JOV-4260,Backlog,2026-07-13T15:01:25.000Z,2026-09-04T04:18:37.765Z,3,Tim White
JOV-4261,Backlog,2026-07-13T15:01:25.000Z,2026-09-14T03:07:47.591Z,3,Tim White
JOV-4262,Backlog,2026-07-13T15:01:25.000Z,2026-09-04T04:22:49.923Z,3,Tim White
JOV-4263,Backlog,2026-07-13T15:01:25.000Z,2026-09-04T04:22:55.238Z,4,Tim White
JOV-4265,Duplicate,2026-07-13T17:06:44.000Z,2026-08-31T01:19:11.822Z,3,Tim White
JOV-4266,Duplicate,2026-07-13T17:07:16.000Z,2026-08-31T01:18:27.232Z,3,Tim White
JOV-4268,Backlog,2026-07-13T17:08:31.000Z,2026-09-04T04:24:15.408Z,3,Tim White
JOV-4270,Duplicate,2026-07-13T17:09:10.000Z,2026-08-31T01:19:29.442Z,3,Tim White
JOV-4272,Backlog,2026-07-13T17:09:54.000Z,2026-08-31T01:19:11.800Z,3,Tim White
JOV-4273,Backlog,2026-07-13T17:10:02.000Z,2026-09-04T04:24:19.291Z,3,Tim White
JOV-4275,Duplicate,2026-07-13T22:07:17.000Z,2026-08-31T01:12:52.530Z,3,
JOV-4276,Duplicate,2026-07-14T00:06:12.000Z,2026-08-31T01:12:51.728Z,3,
JOV-4277,Backlog,2026-07-14T07:22:06.566Z,2026-09-04T04:07:47.080Z,4,
JOV-4279,Backlog,2026-07-14T07:22:39.874Z,2026-09-04T04:13:09.969Z,3,
JOV-4282,Duplicate,2026-07-14T17:07:43.000Z,2026-08-31T01:18:30.421Z,3,
JOV-4283,Duplicate,2026-07-14T17:08:21.000Z,2026-08-31T01:19:11.463Z,3,
JOV-4286,Backlog,2026-07-14T17:09:16.000Z,2026-09-23T06:28:12.000Z,3,
JOV-4289,Backlog,2026-07-14T17:10:03.000Z,2026-09-04T04:22:53.035Z,3,
JOV-4290,Backlog,2026-07-14T17:10:11.000Z,2026-08-31T01:18:30.406Z,3,
JOV-4291,Duplicate,2026-07-14T19:06:45.384Z,2026-08-15T02:19:25.669Z,3,
JOV-4292,Duplicate,2026-07-15T02:07:38.757Z,2026-08-17T23:15:41.909Z,3,
JOV-4293,Duplicate,2026-07-15T10:56:41.871Z,2026-08-15T02:19:44.788Z,3,
JOV-4294,Duplicate,2026-07-15T16:59:53.432Z,2026-08-17T23:15:41.411Z,3,
JOV-4295,Duplicate,2026-07-15T17:05:59.000Z,2026-08-31T01:19:07.354Z,3,
JOV-4296,Backlog,2026-07-15T17:06:12.000Z,2026-09-04T04:18:22.254Z,3,
JOV-4298,Backlog,2026-07-15T17:07:05.000Z,2026-08-31T01:19:31.159Z,3,
JOV-4299,Backlog,2026-07-15T17:07:13.000Z,2026-09-04T04:22:14.249Z,3,
JOV-4302,Backlog,2026-07-15T17:07:46.000Z,2026-09-04T04:24:18.250Z,3,
JOV-4303,Backlog,2026-07-15T17:07:55.000Z,2026-09-14T18:31:39.360Z,3,
JOV-4304,Duplicate,2026-07-15T17:21:58.188Z,2026-08-17T23:15:42.595Z,3,
JOV-4308,Backlog,2026-07-16T17:05:31.000Z,2026-09-04T04:24:21.682Z,3,
JOV-4311,Backlog,2026-07-16T21:45:18.000Z,2026-09-04T04:11:30.792Z,3,
JOV-4312,Todo,2026-07-16T22:05:38.000Z,2026-09-25T00:58:22.933Z,3,
JOV-4316,Todo,2026-07-17T12:08:32.000Z,2026-09-04T04:10:19.048Z,3,
JOV-4317,Backlog,2026-07-18T17:52:36.000Z,2026-09-04T04:22:43.047Z,3,
JOV-4318,Todo,2026-07-18T18:33:58.707Z,2026-09-26T05:35:34.495Z,3,
JOV-4319,Backlog,2026-07-18T19:55:14.387Z,2026-08-30T18:54:35.746Z,2,
JOV-4320,Todo,2026-07-18T20:00:32.000Z,2026-09-23T12:52:19.087Z,1,
JOV-4323,Todo,2026-07-20T14:13:50.663Z,2026-09-13T01:43:28.032Z,2,Tim White
JOV-4330,Backlog,2026-07-20T22:04:31.000Z,2026-09-04T04:16:02.735Z,3,
JOV-4335,Backlog,2026-07-21T02:44:38.666Z,2026-09-06T03:35:02.149Z,2,
JOV-4337,Backlog,2026-07-21T02:45:00.867Z,2026-09-04T04:22:34.900Z,2,
JOV-4339,Backlog,2026-07-21T02:45:17.721Z,2026-09-04T04:14:28.828Z,3,
JOV-4340,Backlog,2026-07-21T02:45:26.483Z,2026-09-04T04:18:26.969Z,3,
JOV-4342,Backlog,2026-07-21T02:50:08.001Z,2026-09-02T12:06:31.262Z,3,
JOV-4343,Duplicate,2026-07-21T02:59:11.122Z,2026-08-15T02:19:34.814Z,2,
JOV-4344,Backlog,2026-07-21T03:00:18.035Z,2026-09-04T04:07:53.918Z,2,
JOV-4356,Backlog,2026-07-21T10:29:28.794Z,2026-09-04T04:16:04.035Z,4,
JOV-4357,Backlog,2026-07-21T18:27:16.000Z,2026-09-23T11:48:24.406Z,3,
JOV-4359,Backlog,2026-07-21T19:40:32.746Z,2026-09-04T04:08:37.441Z,0,
JOV-4363,In Progress,2026-07-21T21:32:07.000Z,2026-09-22T05:45:10.367Z,1,Tim White
JOV-4371,Todo,2026-07-22T02:31:29.000Z,2026-09-04T04:25:43.763Z,0,
JOV-4378,Backlog,2026-07-22T17:31:13.723Z,2026-09-04T04:13:00.519Z,3,Tim White
JOV-4380,Duplicate,2026-07-22T18:02:29.507Z,2026-09-04T04:47:41.882Z,2,
JOV-4381,Backlog,2026-07-22T19:45:26.796Z,2026-09-02T12:06:31.262Z,2,
JOV-4382,Backlog,2026-07-22T19:45:28.153Z,2026-09-04T04:08:09.949Z,2,
JOV-4383,Duplicate,2026-07-22T20:17:03.666Z,2026-08-15T02:19:18.027Z,2,
JOV-4384,Duplicate,2026-07-22T20:17:33.954Z,2026-09-02T12:06:31.262Z,2,
JOV-4390,Backlog,2026-07-22T21:26:15.627Z,2026-09-04T04:47:41.882Z,4,
JOV-4394,Backlog,2026-07-23T01:26:12.868Z,2026-09-04T04:08:13.585Z,2,
JOV-4395,Backlog,2026-07-23T01:26:13.884Z,2026-09-04T04:08:08.270Z,2,
JOV-4396,Backlog,2026-07-23T07:56:31.000Z,2026-09-04T04:22:37.034Z,4,
JOV-4398,Backlog,2026-07-23T09:50:24.729Z,2026-09-04T04:08:11.037Z,2,
JOV-4399,Backlog,2026-07-23T19:05:33.738Z,2026-09-04T04:08:12.433Z,2,
JOV-4400,Backlog,2026-07-23T19:48:53.013Z,2026-09-12T04:46:44.759Z,0,
JOV-4401,Backlog,2026-07-23T20:24:20.227Z,2026-09-04T04:16:09.675Z,1,
JOV-4403,Backlog,2026-07-23T21:19:00.814Z,2026-09-04T04:19:27.955Z,4,
JOV-4404,Backlog,2026-07-23T21:19:01.536Z,2026-09-04T04:19:30.506Z,3,
JOV-4406,Backlog,2026-07-23T22:30:49.000Z,2026-09-04T04:12:19.166Z,0,
JOV-4407,Backlog,2026-07-23T22:30:55.000Z,2026-09-04T04:17:02.062Z,0,
JOV-4409,Backlog,2026-07-23T23:01:22.000Z,2026-08-31T13:55:29.013Z,0,
JOV-4410,Backlog,2026-07-23T23:01:28.000Z,2026-09-04T04:12:38.889Z,0,
JOV-4411,Backlog,2026-07-23T23:06:58.000Z,2026-09-04T04:12:12.948Z,0,
JOV-4412,Backlog,2026-07-23T23:07:04.000Z,2026-09-04T04:12:37.213Z,0,
JOV-4413,Backlog,2026-07-23T23:07:09.000Z,2026-08-31T13:55:28.968Z,0,
JOV-4418,Backlog,2026-07-23T23:58:51.142Z,2026-09-04T04:07:50.964Z,3,
JOV-4419,Backlog,2026-07-24T02:05:22.000Z,2026-09-04T04:12:31.172Z,0,
JOV-4423,Todo,2026-07-24T17:06:56.000Z,2026-09-04T04:44:09.726Z,0,
JOV-4424,Backlog,2026-07-24T17:07:03.000Z,2026-09-04T04:13:04.517Z,0,
JOV-4425,Backlog,2026-07-24T17:07:09.000Z,2026-09-04T04:12:47.629Z,0,
JOV-4426,Backlog,2026-07-24T17:07:16.000Z,2026-09-04T04:13:03.410Z,0,
JOV-4427,Backlog,2026-07-24T17:07:22.000Z,2026-09-04T04:12:53.162Z,0,
JOV-4429,Backlog,2026-07-24T17:47:06.003Z,2026-09-04T04:08:14.716Z,2,
JOV-4430,Backlog,2026-07-24T17:47:33.078Z,2026-09-04T04:08:18.023Z,2,
JOV-4431,Backlog,2026-07-24T17:47:33.283Z,2026-09-04T04:08:20.829Z,2,
JOV-4432,Backlog,2026-07-24T17:48:08.234Z,2026-09-04T04:08:16.040Z,2,
JOV-4433,Backlog,2026-07-24T17:48:35.354Z,2026-09-04T04:08:19.450Z,2,
JOV-4437,In Progress,2026-07-25T02:00:49.000Z,2026-09-21T21:08:56.280Z,0,Tim White
JOV-4439,Todo,2026-07-25T06:16:12.000Z,2026-09-23T19:50:48.176Z,0,
JOV-4445,Backlog,2026-07-25T20:16:35.792Z,2026-09-04T04:08:25.974Z,2,
JOV-4452,Todo,2026-07-26T00:16:33.000Z,2026-09-04T04:10:49.491Z,0,
JOV-4457,Duplicate,2026-07-26T12:42:36.313Z,2026-09-26T05:35:36.681Z,2,
JOV-4458,Backlog,2026-07-26T15:43:26.238Z,2026-09-04T04:08:23.556Z,2,
JOV-4459,Backlog,2026-07-26T17:03:27.000Z,2026-09-04T04:13:06.988Z,0,
JOV-4460,Todo,2026-07-26T17:03:32.000Z,2026-09-04T04:25:33.375Z,0,
JOV-4470,Backlog,2026-07-26T20:32:42.000Z,2026-09-04T04:13:05.802Z,0,
JOV-4479,Backlog,2026-07-27T05:02:33.462Z,2026-09-04T04:12:24.493Z,2,Tim White
JOV-4481,Backlog,2026-07-27T05:35:04.577Z,2026-09-04T04:18:30.458Z,4,
JOV-4488,Todo,2026-07-27T17:12:03.000Z,2026-09-04T04:25:30.588Z,0,
JOV-4489,Todo,2026-07-27T17:12:09.000Z,2026-09-04T04:24:58.883Z,0,
JOV-4490,Todo,2026-07-27T17:12:15.000Z,2026-09-04T04:25:20.749Z,0,
JOV-4491,Todo,2026-07-27T17:22:12.435Z,2026-09-20T12:24:06.356Z,2,
JOV-4492,Duplicate,2026-07-28T00:39:41.899Z,2026-07-28T00:42:54.595Z,3,
JOV-4493,Backlog,2026-07-28T00:40:50.830Z,2026-09-04T04:12:44.947Z,2,
JOV-4495,Backlog,2026-07-28T02:45:34.000Z,2026-09-15T02:58:56.871Z,0,
JOV-4496,Todo,2026-07-28T02:49:35.000Z,2026-09-04T04:43:55.093Z,0,
JOV-4497,Backlog,2026-07-28T02:49:35.000Z,2026-09-04T04:13:13.974Z,0,
JOV-4498,Backlog,2026-07-28T02:49:36.000Z,2026-09-04T04:12:21.890Z,0,
JOV-4499,Backlog,2026-07-28T02:49:37.000Z,2026-09-04T04:13:08.345Z,0,
JOV-4500,Backlog,2026-07-28T02:49:38.000Z,2026-09-04T04:13:12.977Z,0,
JOV-4501,Todo,2026-07-28T02:49:39.000Z,2026-09-04T04:43:46.266Z,0,
JOV-4504,Todo,2026-07-28T09:23:34.000Z,2026-09-04T04:25:32.011Z,0,
JOV-4514,In Progress,2026-07-28T17:26:47.974Z,2026-09-22T01:17:48.809Z,1,Tim White
JOV-4528,Backlog,2026-07-29T00:18:04.000Z,2026-09-04T04:13:23.369Z,0,
JOV-4530,Todo,2026-07-29T01:06:14.000Z,2026-09-04T04:25:29.312Z,1,
JOV-4538,Backlog,2026-07-29T04:36:47.644Z,2026-09-04T04:39:15.914Z,0,
JOV-4542,Backlog,2026-07-29T05:02:07.787Z,2026-09-23T18:12:39.287Z,2,Tim White
JOV-4545,Backlog,2026-07-29T08:25:36.945Z,2026-09-03T20:58:18.468Z,0,
JOV-4558,Backlog,2026-07-29T17:03:24.000Z,2026-09-04T04:14:41.783Z,0,
JOV-4570,In Progress,2026-07-30T00:07:20.617Z,2026-09-22T05:45:09.356Z,1,Tim White
JOV-4572,In Progress,2026-07-30T00:07:31.465Z,2026-09-22T06:18:01.567Z,1,Tim White
JOV-4575,Backlog,2026-07-30T01:07:14.000Z,2026-09-04T04:14:43.050Z,0,
JOV-4578,Backlog,2026-07-30T01:36:40.000Z,2026-09-04T04:16:12.473Z,0,
JOV-4599,Backlog,2026-07-30T10:30:07.998Z,2026-09-04T04:18:23.398Z,2,
JOV-4602,Backlog,2026-07-30T17:25:08.000Z,2026-09-06T17:41:21.135Z,0,
JOV-4609,Todo,2026-07-30T21:56:26.839Z,2026-09-06T03:38:53.186Z,1,
JOV-4610,Backlog,2026-07-30T21:56:49.588Z,2026-09-04T04:13:20.942Z,2,
JOV-4611,Backlog,2026-07-30T21:57:22.001Z,2026-09-04T04:13:22.223Z,2,
JOV-4612,Backlog,2026-07-30T21:57:45.349Z,2026-08-31T13:55:28.763Z,2,
JOV-4613,Backlog,2026-07-30T21:58:10.277Z,2026-09-06T03:38:53.186Z,2,
JOV-4614,Backlog,2026-07-30T21:58:57.536Z,2026-08-31T13:55:28.706Z,2,
JOV-4615,Backlog,2026-07-30T21:59:21.735Z,2026-09-04T04:18:18.048Z,2,
JOV-4616,Backlog,2026-07-30T21:59:49.285Z,2026-09-04T04:18:20.642Z,2,
JOV-4618,Backlog,2026-07-30T22:00:36.245Z,2026-09-04T04:18:07.937Z,2,
JOV-4619,Backlog,2026-07-30T22:01:05.231Z,2026-09-04T04:18:04.240Z,2,
JOV-4620,Backlog,2026-07-30T22:01:50.949Z,2026-09-04T04:11:23.926Z,2,
JOV-4621,Backlog,2026-07-30T22:02:26.060Z,2026-08-31T01:10:47.738Z,1,
JOV-4622,Duplicate,2026-07-30T22:02:28.000Z,2026-08-31T01:10:48.259Z,0,
JOV-4623,Backlog,2026-07-30T22:03:16.290Z,2026-09-04T04:18:19.365Z,3,
JOV-4624,Backlog,2026-07-30T22:03:39.011Z,2026-09-04T04:18:12.385Z,3,
JOV-4625,Backlog,2026-07-30T22:04:04.443Z,2026-09-04T04:18:13.891Z,3,
JOV-4626,Backlog,2026-07-30T22:04:25.278Z,2026-09-04T04:18:15.938Z,3,
JOV-4663,Backlog,2026-07-31T06:43:02.374Z,2026-09-04T04:16:15.811Z,1,
JOV-4670,Backlog,2026-07-31T11:51:41.709Z,2026-08-31T14:51:34.368Z,2,Tim White
JOV-4671,Backlog,2026-07-31T11:51:44.145Z,2026-09-04T04:17:49.719Z,2,Tim White
JOV-4672,Backlog,2026-07-31T17:06:42.000Z,2026-09-07T17:49:22.830Z,1,
JOV-4673,Backlog,2026-07-31T17:06:44.000Z,2026-09-07T17:50:51.364Z,0,
JOV-4674,Backlog,2026-07-31T17:07:34.000Z,2026-09-04T04:14:40.417Z,0,
JOV-4675,Backlog,2026-07-31T17:07:41.000Z,2026-09-04T04:15:01.123Z,0,
JOV-4677,Backlog,2026-07-31T17:08:04.000Z,2026-09-04T04:15:05.911Z,0,
JOV-4678,Backlog,2026-07-31T17:08:09.000Z,2026-09-04T04:14:46.880Z,0,
JOV-4679,Backlog,2026-07-31T17:08:13.000Z,2026-09-03T21:09:33.471Z,0,
JOV-4680,Backlog,2026-07-31T17:08:20.000Z,2026-09-04T04:14:55.820Z,0,
JOV-4681,Backlog,2026-07-31T17:09:34.000Z,2026-09-04T04:14:51.944Z,0,
JOV-4682,Backlog,2026-07-31T17:09:40.000Z,2026-09-04T04:15:04.372Z,0,
JOV-4683,Todo,2026-07-31T17:09:41.000Z,2026-09-07T17:52:39.701Z,2,
JOV-4684,Backlog,2026-07-31T18:09:22.000Z,2026-09-04T04:14:59.697Z,0,
JOV-4686,Duplicate,2026-07-31T19:44:17.000Z,2026-07-31T22:37:24.055Z,0,
JOV-4692,Backlog,2026-07-31T22:13:49.772Z,2026-09-04T04:17:55.376Z,2,
JOV-4693,Todo,2026-07-31T22:35:07.744Z,2026-09-04T04:41:36.832Z,2,
JOV-4694,Todo,2026-08-01T00:25:59.000Z,2026-09-04T04:25:11.882Z,0,
JOV-4708,Backlog,2026-08-01T06:13:26.000Z,2026-09-04T04:18:06.319Z,4,
JOV-4734,Backlog,2026-08-01T21:19:08.774Z,2026-09-04T04:17:31.919Z,3,
JOV-4739,In Progress,2026-08-02T04:45:31.000Z,2026-09-22T01:25:03.204Z,1,Tim White
JOV-4741,Backlog,2026-08-02T04:48:26.000Z,2026-09-04T04:16:42.994Z,0,
JOV-4742,Backlog,2026-08-02T04:48:31.000Z,2026-09-04T04:16:28.269Z,0,
JOV-4745,Backlog,2026-08-02T05:01:33.492Z,2026-09-04T04:11:06.743Z,4,
JOV-4747,Backlog,2026-08-02T05:42:57.000Z,2026-09-04T04:17:52.500Z,2,
JOV-4748,Backlog,2026-08-02T05:45:09.000Z,2026-09-04T04:17:58.891Z,0,
JOV-4749,Backlog,2026-08-02T05:45:24.000Z,2026-09-04T04:17:51.255Z,0,
JOV-4750,Backlog,2026-08-02T05:45:42.000Z,2026-09-04T04:17:57.700Z,0,
JOV-4751,Backlog,2026-08-02T05:45:58.000Z,2026-09-04T04:17:45.579Z,0,
JOV-4752,Backlog,2026-08-02T05:46:20.000Z,2026-09-23T13:09:56.324Z,0,
JOV-4753,Backlog,2026-08-02T05:46:48.000Z,2026-09-04T04:17:44.143Z,2,
JOV-4762,Backlog,2026-08-02T14:56:17.400Z,2026-08-31T14:51:34.368Z,2,
JOV-4764,Backlog,2026-08-02T16:24:10.475Z,2026-08-31T14:51:34.368Z,1,
JOV-4765,Backlog,2026-08-02T17:03:46.000Z,2026-09-04T04:13:25.915Z,0,
JOV-4766,Todo,2026-08-02T17:03:56.000Z,2026-09-04T04:24:38.952Z,2,
JOV-4767,Backlog,2026-08-02T17:04:12.000Z,2026-09-04T04:13:26.904Z,2,
JOV-4768,Backlog,2026-08-02T17:04:30.000Z,2026-09-04T04:17:56.539Z,0,
JOV-4786,Backlog,2026-08-03T13:22:13.865Z,2026-09-04T04:13:38.355Z,4,
JOV-4791,Backlog,2026-08-03T15:03:31.281Z,2026-08-31T14:51:34.368Z,3,
JOV-4792,Backlog,2026-08-03T16:40:21.951Z,2026-09-24T18:03:27.580Z,2,
JOV-4794,Backlog,2026-08-03T17:13:57.000Z,2026-09-04T04:14:53.900Z,0,
JOV-4806,In Progress,2026-08-03T21:07:00.918Z,2026-09-26T02:41:12.003Z,1,Tim White
JOV-4809,Backlog,2026-08-03T22:02:08.134Z,2026-09-04T04:13:30.074Z,0,
JOV-4811,Backlog,2026-08-04T03:28:51.418Z,2026-09-09T16:29:16.928Z,4,
JOV-4813,Backlog,2026-08-04T07:16:33.014Z,2026-09-04T04:08:44.177Z,4,
JOV-4816,Backlog,2026-08-04T17:05:49.000Z,2026-09-04T04:14:57.218Z,0,
JOV-4817,Todo,2026-08-04T17:05:56.000Z,2026-09-04T04:25:01.324Z,2,
JOV-4821,Backlog,2026-08-04T21:16:06.000Z,2026-09-04T04:17:33.568Z,3,
JOV-4822,Backlog,2026-08-04T21:16:15.000Z,2026-09-04T04:17:29.178Z,3,
JOV-4823,Backlog,2026-08-04T21:24:02.209Z,2026-09-04T04:11:08.213Z,0,
JOV-4824,Backlog,2026-08-04T21:27:54.222Z,2026-09-04T04:17:35.689Z,0,
JOV-4825,Backlog,2026-08-04T21:27:56.842Z,2026-09-04T04:17:37.104Z,0,
JOV-4826,Backlog,2026-08-04T21:27:58.843Z,2026-09-04T04:17:30.432Z,0,
JOV-4827,Backlog,2026-08-04T21:28:00.969Z,2026-09-04T04:17:07.549Z,0,
JOV-4831,Backlog,2026-08-05T16:31:34.000Z,2026-09-04T04:16:25.584Z,0,
JOV-4832,Backlog,2026-08-05T17:03:43.000Z,2026-09-12T02:18:33.657Z,0,
JOV-4833,Backlog,2026-08-05T17:03:50.000Z,2026-09-04T04:15:07.506Z,0,
JOV-4836,Backlog,2026-08-05T17:48:38.388Z,2026-08-17T23:11:04.895Z,0,
JOV-4838,Backlog,2026-08-05T18:34:28.125Z,2026-09-23T11:31:16.011Z,2,
JOV-4839,Backlog,2026-08-05T19:04:06.940Z,2026-09-04T04:16:14.155Z,2,
JOV-4842,Backlog,2026-08-05T22:06:07.196Z,2026-09-04T04:17:16.624Z,2,
JOV-4853,Backlog,2026-08-06T23:34:19.902Z,2026-09-04T04:16:20.367Z,2,
JOV-4855,Todo,2026-08-07T00:21:20.000Z,2026-09-11T22:39:07.772Z,0,
JOV-4862,Backlog,2026-08-07T17:05:59.000Z,2026-09-04T04:13:35.833Z,0,
JOV-4863,Backlog,2026-08-07T17:06:13.000Z,2026-09-04T04:13:40.022Z,0,
JOV-4874,Backlog,2026-08-07T18:43:06.925Z,2026-09-04T04:13:31.457Z,3,
JOV-4875,Backlog,2026-08-07T18:46:56.079Z,2026-09-04T04:17:27.410Z,1,
JOV-4877,Backlog,2026-08-07T19:18:19.848Z,2026-09-04T04:13:34.429Z,4,
JOV-4880,Todo,2026-08-07T20:27:40.711Z,2026-09-04T04:25:08.872Z,1,
JOV-4884,Todo,2026-08-08T11:45:55.000Z,2026-09-04T04:44:00.168Z,0,
JOV-4887,Backlog,2026-08-08T16:12:51.000Z,2026-09-04T04:13:42.332Z,3,
JOV-4889,Backlog,2026-08-08T16:56:06.000Z,2026-09-04T04:13:41.179Z,4,
JOV-4890,Todo,2026-08-08T17:04:35.000Z,2026-09-12T14:14:14.012Z,2,
JOV-4892,Todo,2026-08-08T18:09:15.000Z,2026-09-25T00:58:22.933Z,3,
JOV-4895,Backlog,2026-08-08T21:11:04.000Z,2026-09-04T04:16:39.342Z,4,
JOV-4896,Todo,2026-08-08T21:12:03.000Z,2026-09-14T17:49:49.114Z,3,
JOV-4898,Backlog,2026-08-09T10:09:36.128Z,2026-09-04T04:11:14.133Z,2,Tim White
JOV-4903,Todo,2026-08-09T17:12:18.000Z,2026-09-07T17:50:19.601Z,2,
JOV-4904,Backlog,2026-08-09T17:12:56.000Z,2026-09-04T04:13:43.639Z,3,
JOV-4910,Backlog,2026-08-10T06:46:46.063Z,2026-09-04T04:13:45.863Z,0,
JOV-4911,Todo,2026-08-10T06:55:37.692Z,2026-09-12T08:28:44.841Z,3,Tim White
JOV-4913,Backlog,2026-08-10T07:13:26.936Z,2026-09-04T04:13:44.823Z,3,
JOV-4915,Backlog,2026-08-10T07:13:29.789Z,2026-09-04T04:13:47.156Z,3,
JOV-4916,Backlog,2026-08-10T07:18:31.709Z,2026-09-04T04:13:48.703Z,0,
JOV-4917,Backlog,2026-08-10T07:22:06.652Z,2026-09-04T04:13:50.102Z,0,
JOV-4918,Backlog,2026-08-10T07:34:34.751Z,2026-09-04T04:13:51.352Z,0,
JOV-4919,Backlog,2026-08-10T07:38:08.639Z,2026-09-04T04:13:55.138Z,0,
JOV-4920,Backlog,2026-08-10T07:41:57.832Z,2026-09-04T04:13:52.699Z,0,
JOV-4922,Backlog,2026-08-10T07:56:04.802Z,2026-09-04T04:13:53.914Z,0,
JOV-4925,Backlog,2026-08-10T08:26:19.478Z,2026-09-04T04:13:57.724Z,0,
JOV-4926,Backlog,2026-08-10T08:30:35.539Z,2026-09-04T04:13:56.424Z,0,
JOV-4927,Backlog,2026-08-10T08:35:35.198Z,2026-09-04T04:16:44.227Z,0,
JOV-4928,Backlog,2026-08-10T08:40:52.185Z,2026-09-04T04:14:02.134Z,0,
JOV-4929,Backlog,2026-08-10T08:48:39.220Z,2026-09-04T04:13:59.614Z,0,
JOV-4930,Backlog,2026-08-10T08:54:35.304Z,2026-09-04T04:16:21.880Z,2,
JOV-4931,Backlog,2026-08-10T08:56:49.762Z,2026-09-04T04:14:00.735Z,0,
JOV-4934,Backlog,2026-08-10T09:19:37.264Z,2026-09-04T04:14:03.491Z,0,
JOV-4935,Backlog,2026-08-10T09:29:51.877Z,2026-09-04T04:14:13.551Z,0,
JOV-4937,Backlog,2026-08-10T09:36:53.166Z,2026-09-04T04:14:06.354Z,0,
JOV-4939,Backlog,2026-08-10T09:40:46.806Z,2026-09-04T04:14:12.431Z,0,
JOV-4941,Backlog,2026-08-10T10:17:29.781Z,2026-09-04T04:14:15.425Z,0,
JOV-4942,Backlog,2026-08-10T10:28:33.483Z,2026-09-04T04:14:07.614Z,0,
JOV-4944,Backlog,2026-08-10T10:35:09.007Z,2026-09-04T04:16:26.872Z,0,
JOV-4949,Backlog,2026-08-10T13:08:55.080Z,2026-09-04T04:14:04.742Z,3,
JOV-4952,Backlog,2026-08-10T13:22:24.429Z,2026-09-04T04:14:25.963Z,2,
JOV-4955,Backlog,2026-08-10T17:02:32.000Z,2026-09-07T17:40:09.423Z,0,
JOV-4956,Backlog,2026-08-10T17:02:46.000Z,2026-09-04T04:15:27.279Z,3,
JOV-4959,Backlog,2026-08-10T22:08:35.682Z,2026-09-03T01:33:29.805Z,2,
JOV-4970,Backlog,2026-08-11T00:58:56.644Z,2026-09-03T21:32:17.202Z,2,
JOV-4971,Backlog,2026-08-11T02:35:05.807Z,2026-09-04T04:17:19.182Z,3,
JOV-4972,Backlog,2026-08-11T03:09:46.473Z,2026-09-04T04:17:23.779Z,3,
JOV-4974,Backlog,2026-08-11T04:37:05.524Z,2026-09-03T18:56:26.890Z,4,
JOV-4975,Backlog,2026-08-11T06:23:38.091Z,2026-09-04T04:14:10.789Z,0,
JOV-4977,Backlog,2026-08-11T12:06:47.253Z,2026-09-04T04:14:27.327Z,3,
JOV-4978,Duplicate,2026-08-11T14:44:52.589Z,2026-08-31T14:07:44.323Z,2,
JOV-4979,Duplicate,2026-08-11T16:25:34.775Z,2026-09-04T03:59:34.542Z,2,
JOV-4980,Duplicate,2026-08-11T16:25:37.096Z,2026-09-04T03:59:46.576Z,2,
JOV-4981,Duplicate,2026-08-11T16:25:41.832Z,2026-09-04T03:59:42.630Z,2,
JOV-4982,Backlog,2026-08-11T16:25:45.421Z,2026-09-04T04:08:40.325Z,2,
JOV-4983,Duplicate,2026-08-11T16:25:46.431Z,2026-09-04T03:59:36.723Z,2,
JOV-4984,Duplicate,2026-08-11T16:25:46.713Z,2026-08-31T14:07:44.323Z,2,
JOV-4985,Duplicate,2026-08-11T16:25:47.160Z,2026-09-04T03:59:52.420Z,2,
JOV-4986,Duplicate,2026-08-11T16:25:47.345Z,2026-09-04T03:59:38.570Z,2,
JOV-4987,Duplicate,2026-08-11T16:25:48.797Z,2026-08-31T14:07:44.323Z,2,
JOV-4988,Duplicate,2026-08-11T16:25:48.920Z,2026-08-31T14:07:44.323Z,2,
JOV-4989,Duplicate,2026-08-11T16:25:50.107Z,2026-09-04T03:59:48.592Z,2,
JOV-4990,Duplicate,2026-08-11T16:26:01.455Z,2026-09-04T03:59:50.424Z,2,
JOV-4991,Backlog,2026-08-11T16:26:05.999Z,2026-09-26T05:35:42.265Z,2,Tim White
JOV-4992,Todo,2026-08-11T17:02:16.000Z,2026-09-04T04:24:56.101Z,0,
JOV-4993,Duplicate,2026-08-11T17:25:47.160Z,2026-09-04T03:59:40.323Z,2,
JOV-4994,Backlog,2026-08-11T18:39:42.000Z,2026-08-31T04:48:19.580Z,0,
JOV-4995,Backlog,2026-08-11T20:30:44.488Z,2026-09-04T04:14:16.714Z,3,
JOV-4996,Todo,2026-08-11T21:54:33.000Z,2026-09-04T04:44:12.389Z,0,
JOV-5008,Todo,2026-08-12T17:05:39.000Z,2026-09-04T05:43:48.491Z,1,
JOV-5009,Backlog,2026-08-12T17:05:53.000Z,2026-09-04T04:15:10.526Z,0,
JOV-5010,Backlog,2026-08-12T17:06:29.000Z,2026-09-04T04:15:19.020Z,0,
JOV-5011,Backlog,2026-08-12T17:07:14.000Z,2026-09-04T04:15:12.251Z,0,
JOV-5012,Backlog,2026-08-12T17:07:41.000Z,2026-09-04T04:15:16.462Z,0,
JOV-5014,Backlog,2026-08-12T21:35:39.638Z,2026-09-17T23:39:48.792Z,3,
JOV-5016,Backlog,2026-08-12T22:33:01.525Z,2026-09-04T04:08:39.127Z,2,
JOV-5018,Backlog,2026-08-12T23:44:06.714Z,2026-09-14T20:53:06.326Z,4,
JOV-5019,Backlog,2026-08-12T23:44:08.025Z,2026-09-14T20:52:16.481Z,4,
JOV-5020,Duplicate,2026-08-12T23:49:55.162Z,2026-09-04T03:59:44.307Z,2,
JOV-5022,Todo,2026-08-13T00:19:59.530Z,2026-09-25T20:04:22.717Z,1,Tim White
JOV-5023,Backlog,2026-08-13T00:44:07.388Z,2026-09-14T20:53:40.812Z,3,
JOV-5024,Backlog,2026-08-13T00:44:25.613Z,2026-09-14T20:52:40.346Z,3,
JOV-5025,Backlog,2026-08-13T00:44:33.700Z,2026-09-14T20:53:06.823Z,0,
JOV-5026,Backlog,2026-08-13T00:44:34.110Z,2026-09-14T20:52:39.555Z,3,
JOV-5029,In Review,2026-08-13T02:19:10.371Z,2026-09-05T19:51:38.028Z,1,Tim White
JOV-5035,Backlog,2026-08-13T07:24:53.758Z,2026-09-04T04:17:18.018Z,3,
JOV-5036,Backlog,2026-08-13T07:24:54.971Z,2026-09-18T00:59:04.797Z,2,
JOV-5037,Backlog,2026-08-13T07:24:55.219Z,2026-09-20T12:24:14.281Z,2,
JOV-5050,Backlog,2026-08-13T17:02:53.000Z,2026-09-07T17:50:02.094Z,0,
JOV-5051,Backlog,2026-08-13T17:02:59.000Z,2026-09-07T17:50:10.160Z,0,
JOV-5052,Backlog,2026-08-13T17:03:23.000Z,2026-09-04T04:15:17.716Z,0,
JOV-5053,Backlog,2026-08-13T17:03:29.000Z,2026-09-04T04:15:24.714Z,0,
JOV-5056,Backlog,2026-08-13T20:16:45.556Z,2026-09-06T03:50:46.287Z,2,
JOV-5057,Backlog,2026-08-13T20:16:57.103Z,2026-09-04T04:14:21.310Z,2,
JOV-5059,Backlog,2026-08-13T20:17:01.443Z,2026-09-04T04:17:10.831Z,2,
JOV-5060,Backlog,2026-08-13T20:17:03.594Z,2026-09-04T04:17:08.822Z,2,
JOV-5061,Backlog,2026-08-13T20:17:04.036Z,2026-09-12T02:18:33.657Z,3,
JOV-5063,Backlog,2026-08-13T20:58:03.888Z,2026-09-04T04:36:10.068Z,3,
JOV-5064,Backlog,2026-08-13T21:04:29.895Z,2026-09-07T17:50:30.990Z,1,
JOV-5066,Backlog,2026-08-13T21:16:54.394Z,2026-09-04T04:14:22.735Z,3,
JOV-5068,In Progress,2026-08-13T21:18:27.152Z,2026-09-22T00:16:36.179Z,1,Tim White
JOV-5077,Backlog,2026-08-14T03:49:22.980Z,2026-09-04T04:12:04.726Z,1,Tim White
JOV-5080,Duplicate,2026-08-14T04:24:40.377Z,2026-08-31T17:35:46.520Z,0,
JOV-5081,Backlog,2026-08-14T04:25:19.048Z,2026-09-04T04:12:48.843Z,0,Tim White
JOV-5082,Backlog,2026-08-14T04:32:21.834Z,2026-09-14T20:51:36.869Z,2,
JOV-5090,Duplicate,2026-08-14T07:28:07.290Z,2026-09-04T03:59:53.857Z,2,
JOV-5091,Duplicate,2026-08-14T07:28:08.717Z,2026-09-04T03:59:56.941Z,2,
JOV-5092,Duplicate,2026-08-14T07:52:33.247Z,2026-09-03T01:33:30.212Z,2,
JOV-5093,Duplicate,2026-08-14T07:52:39.218Z,2026-09-03T01:33:10.259Z,2,
JOV-5094,Duplicate,2026-08-14T07:55:13.734Z,2026-09-26T05:35:42.358Z,2,
JOV-5095,In Progress,2026-08-14T07:55:41.252Z,2026-09-09T16:07:40.094Z,2,Tim White
JOV-5096,Todo,2026-08-14T07:55:43.585Z,2026-09-09T16:07:40.364Z,2,
JOV-5099,Backlog,2026-08-14T08:06:51.893Z,2026-08-31T00:46:07.191Z,3,
JOV-5100,Duplicate,2026-08-14T08:21:10.936Z,2026-08-31T14:07:46.871Z,2,
JOV-5102,Backlog,2026-08-14T08:49:00.953Z,2026-08-14T08:49:01.310Z,2,
JOV-5104,Backlog,2026-08-14T17:11:54.000Z,2026-09-04T04:15:22.704Z,0,
JOV-5106,Duplicate,2026-08-14T17:42:28.161Z,2026-09-04T04:00:00.046Z,2,
JOV-5107,Duplicate,2026-08-14T17:42:29.617Z,2026-09-04T04:00:09.714Z,2,
JOV-5108,Duplicate,2026-08-14T17:42:43.198Z,2026-09-04T04:00:07.226Z,2,
JOV-5109,Duplicate,2026-08-14T17:42:45.707Z,2026-09-04T04:00:17.977Z,2,
JOV-5110,Duplicate,2026-08-14T17:42:46.884Z,2026-08-31T14:07:44.323Z,2,
JOV-5112,Duplicate,2026-08-14T18:11:20.528Z,2026-08-14T18:14:29.963Z,1,
JOV-5117,Backlog,2026-08-14T19:28:00.000Z,2026-09-04T04:15:31.589Z,0,Tim White
JOV-5120,Backlog,2026-08-14T19:42:24.095Z,2026-09-04T04:11:17.655Z,2,Tim White
JOV-5124,Backlog,2026-08-14T19:49:53.866Z,2026-09-04T04:14:19.984Z,2,Tim White
JOV-5125,Backlog,2026-08-14T20:07:22.676Z,2026-09-06T03:41:10.249Z,3,
JOV-5128,Backlog,2026-08-14T21:14:42.979Z,2026-09-03T22:41:39.814Z,2,
JOV-5129,Backlog,2026-08-14T21:14:44.644Z,2026-09-04T04:16:53.418Z,2,
JOV-5130,Backlog,2026-08-14T21:14:47.098Z,2026-09-02T15:39:41.820Z,2,
JOV-5131,Backlog,2026-08-14T21:33:31.000Z,2026-08-31T04:47:33.864Z,2,
JOV-5132,Todo,2026-08-14T22:01:03.523Z,2026-09-11T02:02:02.460Z,1,
JOV-5138,Backlog,2026-08-14T23:39:16.186Z,2026-09-04T04:16:47.372Z,0,
JOV-5140,Backlog,2026-08-14T23:39:16.930Z,2026-09-04T04:16:45.990Z,0,
JOV-5141,Backlog,2026-08-15T01:01:11.303Z,2026-09-26T05:35:42.337Z,3,
JOV-5144,Todo,2026-08-15T06:21:42.959Z,2026-09-04T04:47:41.882Z,2,
JOV-5146,Duplicate,2026-08-15T07:22:58.625Z,2026-09-04T03:59:20.044Z,2,
JOV-5147,Duplicate,2026-08-15T07:22:59.203Z,2026-09-04T03:58:23.416Z,2,
JOV-5151,Duplicate,2026-08-15T08:49:18.050Z,2026-09-04T03:59:27.084Z,2,
JOV-5152,Backlog,2026-08-15T15:00:50.000Z,2026-08-31T04:47:15.162Z,0,
JOV-5153,Duplicate,2026-08-15T16:03:42.387Z,2026-09-04T03:59:18.655Z,2,
JOV-5165,Backlog,2026-08-16T02:41:30.755Z,2026-09-03T21:10:59.214Z,2,Tim White
JOV-5166,Todo,2026-08-16T02:57:32.063Z,2026-09-04T04:44:25.028Z,2,
JOV-5168,Backlog,2026-08-16T03:44:33.000Z,2026-09-07T01:34:59.951Z,2,Tim White
JOV-5172,Backlog,2026-08-16T17:03:14.000Z,2026-09-04T04:14:33.893Z,0,
JOV-5175,Backlog,2026-08-17T02:45:00.662Z,2026-09-04T04:07:10.866Z,2,
JOV-5178,Backlog,2026-08-17T11:08:25.566Z,2026-09-04T04:07:12.519Z,2,
JOV-5180,Backlog,2026-08-17T15:03:20.000Z,2026-08-31T04:47:03.247Z,0,
JOV-5188,Todo,2026-08-18T02:08:58.065Z,2026-09-04T04:44:29.571Z,0,
JOV-5189,Backlog,2026-08-18T03:32:20.549Z,2026-09-04T04:11:33.422Z,3,
JOV-5194,Backlog,2026-08-18T03:32:22.524Z,2026-09-04T04:11:44.128Z,4,
JOV-5203,Todo,2026-08-18T03:51:57.057Z,2026-09-07T17:41:50.594Z,2,
JOV-5207,Todo,2026-08-18T04:35:37.085Z,2026-09-04T04:24:40.394Z,2,
JOV-5214,In Progress,2026-08-18T20:29:41.673Z,2026-09-23T12:52:17.057Z,2,Tim White
JOV-5219,Duplicate,2026-08-18T22:27:46.998Z,2026-08-19T23:34:37.473Z,2,Tim White
JOV-5223,Backlog,2026-08-19T13:13:44.948Z,2026-09-04T04:11:42.176Z,2,
JOV-5224,Backlog,2026-08-19T18:59:27.858Z,2026-09-04T04:11:39.347Z,3,
JOV-5225,Todo,2026-08-19T22:11:25.115Z,2026-09-26T05:35:35.250Z,2,
JOV-5226,Backlog,2026-08-19T22:34:38.722Z,2026-09-03T21:31:21.191Z,0,
JOV-5227,Todo,2026-08-19T22:52:14.457Z,2026-09-04T04:42:44.918Z,2,
JOV-5231,Todo,2026-08-19T23:19:39.407Z,2026-09-09T16:09:46.843Z,2,
JOV-5236,Backlog,2026-08-19T23:30:27.410Z,2026-09-04T04:11:55.390Z,3,
JOV-5237,Backlog,2026-08-19T23:30:28.274Z,2026-09-03T05:46:55.244Z,3,
JOV-5243,Backlog,2026-08-20T07:10:55.275Z,2026-09-19T15:10:28.609Z,2,
JOV-5245,Backlog,2026-08-20T07:11:36.832Z,2026-09-18T00:59:03.690Z,3,
JOV-5246,Backlog,2026-08-20T07:11:42.376Z,2026-09-04T04:11:35.289Z,3,
JOV-5247,Backlog,2026-08-20T07:11:46.101Z,2026-08-20T07:11:46.101Z,4,
JOV-5248,Todo,2026-08-20T07:22:47.935Z,2026-09-06T17:45:40.514Z,1,Tim White
JOV-5249,Backlog,2026-08-20T07:22:50.897Z,2026-09-23T12:52:19.036Z,2,Tim White
JOV-5250,Backlog,2026-08-20T07:22:54.182Z,2026-09-06T17:49:07.590Z,3,
JOV-5251,Backlog,2026-08-20T07:22:57.587Z,2026-09-03T01:33:10.035Z,3,
JOV-5252,Backlog,2026-08-20T07:23:00.898Z,2026-09-04T04:11:29.598Z,3,
JOV-5256,In Progress,2026-08-20T17:05:56.737Z,2026-09-23T12:52:19.087Z,1,Tim White
JOV-5257,In Review,2026-08-20T21:46:07.729Z,2026-09-07T01:34:59.502Z,1,Tim White
JOV-5259,Duplicate,2026-08-21T07:39:54.606Z,2026-09-05T16:07:06.736Z,2,Tim White
JOV-5262,Backlog,2026-08-21T15:53:30.467Z,2026-09-14T03:07:22.556Z,2,
JOV-5266,Todo,2026-08-21T17:59:33.436Z,2026-09-12T14:14:14.012Z,2,
JOV-5267,In Progress,2026-08-21T18:55:13.737Z,2026-09-12T09:22:45.676Z,1,Tim White
JOV-5269,Backlog,2026-08-21T22:18:24.904Z,2026-09-04T04:12:03.441Z,3,
JOV-5277,Backlog,2026-08-22T03:31:24.831Z,2026-08-28T16:11:10.584Z,0,
JOV-5278,Todo,2026-08-22T06:34:31.041Z,2026-09-23T12:54:56.891Z,1,Tim White
JOV-5280,In Progress,2026-08-22T06:35:34.740Z,2026-09-23T12:53:18.536Z,1,Tim White
JOV-5281,Todo,2026-08-22T06:36:06.248Z,2026-09-19T15:09:58.368Z,2,
JOV-5282,Todo,2026-08-22T06:36:33.997Z,2026-09-04T04:41:23.008Z,2,
JOV-5283,Duplicate,2026-08-22T06:42:05.680Z,2026-08-22T06:44:07.817Z,2,
JOV-5284,Todo,2026-08-22T06:42:30.273Z,2026-09-23T12:54:18.567Z,1,
JOV-5287,In Review,2026-08-22T17:42:15.249Z,2026-09-04T02:42:10.088Z,2,Tim White
JOV-5289,In Progress,2026-08-22T20:02:23.818Z,2026-09-26T05:11:28.258Z,2,Tim White
JOV-5295,Backlog,2026-08-22T22:17:02.447Z,2026-09-09T16:05:40.062Z,4,
JOV-5299,Todo,2026-08-22T22:56:20.935Z,2026-09-04T04:41:44.630Z,1,
JOV-5301,Todo,2026-08-22T23:05:36.451Z,2026-09-11T20:32:49.716Z,4,Tim White
JOV-5311,Backlog,2026-08-23T00:29:43.346Z,2026-09-03T20:58:53.628Z,2,
JOV-5312,Backlog,2026-08-23T00:29:48.683Z,2026-09-04T04:11:20.336Z,2,
JOV-5314,Backlog,2026-08-23T00:48:55.067Z,2026-09-04T04:11:18.878Z,3,Tim White
JOV-5320,Backlog,2026-08-23T02:41:31.100Z,2026-09-03T18:56:27.228Z,3,
JOV-5322,Todo,2026-08-23T03:03:39.716Z,2026-09-04T04:43:00.601Z,2,
JOV-5323,Backlog,2026-08-23T03:05:42.349Z,2026-09-06T03:49:04.100Z,3,
JOV-5325,Todo,2026-08-23T03:11:27.647Z,2026-09-04T04:43:52.618Z,2,
JOV-5326,Backlog,2026-08-23T03:14:11.778Z,2026-09-04T04:11:11.035Z,2,
JOV-5329,Backlog,2026-08-23T03:29:23.180Z,2026-09-04T04:11:09.575Z,2,
JOV-5331,Backlog,2026-08-23T04:38:23.255Z,2026-09-09T16:03:44.628Z,0,
JOV-5336,Duplicate,2026-08-23T06:01:36.798Z,2026-08-23T06:02:56.993Z,1,Tim White
JOV-5338,Backlog,2026-08-23T08:48:18.684Z,2026-09-03T01:42:44.727Z,0,
JOV-5340,Todo,2026-08-23T12:53:02.630Z,2026-09-04T04:42:37.956Z,1,
JOV-5342,Backlog,2026-08-23T18:14:38.328Z,2026-08-31T14:51:34.368Z,3,
JOV-5343,Todo,2026-08-23T18:36:48.487Z,2026-09-04T04:43:42.884Z,3,
JOV-5346,Todo,2026-08-28T02:03:35.740Z,2026-09-04T04:44:13.975Z,2,
JOV-5347,Backlog,2026-08-28T02:11:26.966Z,2026-09-04T18:40:14.994Z,0,
JOV-5353,Todo,2026-08-28T02:19:34.966Z,2026-09-04T04:43:38.807Z,2,
JOV-5354,Backlog,2026-08-28T02:23:05.249Z,2026-09-04T04:37:51.816Z,0,
JOV-5357,Todo,2026-08-28T03:41:34.133Z,2026-09-25T00:58:22.933Z,3,
JOV-5358,Todo,2026-08-28T03:45:25.631Z,2026-09-04T04:43:19.016Z,3,
JOV-5360,Backlog,2026-08-28T13:43:23.282Z,2026-08-28T13:43:24.970Z,4,
JOV-5361,Backlog,2026-08-28T13:55:58.023Z,2026-08-28T16:21:51.058Z,0,
JOV-5367,Todo,2026-08-28T16:18:12.376Z,2026-09-04T04:44:15.839Z,2,
JOV-5370,Todo,2026-08-28T16:27:50.218Z,2026-09-04T04:43:11.654Z,2,
JOV-5382,Backlog,2026-08-28T17:59:00.133Z,2026-08-28T17:59:00.133Z,3,Tim White
JOV-5383,Backlog,2026-08-28T17:59:00.953Z,2026-08-28T17:59:00.953Z,4,Tim White
JOV-5384,Backlog,2026-08-28T17:59:02.172Z,2026-08-28T17:59:02.172Z,3,Tim White
JOV-5389,Todo,2026-08-28T22:04:42.161Z,2026-09-04T04:42:51.841Z,0,
JOV-5401,Backlog,2026-08-29T00:50:39.284Z,2026-09-04T04:39:00.411Z,0,
JOV-5403,Todo,2026-08-29T06:22:10.256Z,2026-09-04T04:44:17.680Z,1,
JOV-5426,In Progress,2026-08-29T12:24:08.891Z,2026-09-25T21:03:14.261Z,3,Tim White
JOV-5467,Todo,2026-08-30T18:32:10.690Z,2026-09-26T04:46:01.592Z,2,
JOV-5478,Todo,2026-08-30T23:46:44.747Z,2026-09-04T04:35:53.299Z,1,
JOV-5480,Duplicate,2026-08-31T00:03:46.841Z,2026-08-31T00:54:50.740Z,1,
JOV-5482,Duplicate,2026-08-31T00:06:10.844Z,2026-08-31T00:54:48.489Z,1,
JOV-5483,Backlog,2026-08-31T00:09:06.590Z,2026-09-04T04:39:25.404Z,0,
JOV-5484,In Review,2026-08-31T00:15:54.379Z,2026-09-06T03:43:05.546Z,1,Tim White
JOV-5485,Backlog,2026-08-31T00:17:39.681Z,2026-09-04T04:39:20.603Z,0,
JOV-5486,Backlog,2026-08-31T00:17:41.124Z,2026-09-04T04:39:23.564Z,0,
JOV-5487,Backlog,2026-08-31T00:28:06.169Z,2026-09-04T04:37:48.345Z,0,
JOV-5488,Backlog,2026-08-31T00:29:20.808Z,2026-09-09T16:07:39.326Z,2,Tim White
JOV-5489,Backlog,2026-08-31T00:29:22.431Z,2026-09-20T10:46:28.887Z,0,
JOV-5492,Todo,2026-08-31T00:41:00.789Z,2026-09-26T05:29:10.186Z,1,Tim White
JOV-5493,Duplicate,2026-08-31T00:47:48.829Z,2026-08-31T17:19:38.415Z,2,Tim White
JOV-5495,Duplicate,2026-08-31T00:47:52.544Z,2026-08-31T17:19:35.739Z,2,Tim White
JOV-5497,Duplicate,2026-08-31T00:47:56.641Z,2026-08-31T17:19:28.185Z,2,Tim White
JOV-5498,Duplicate,2026-08-31T00:47:58.269Z,2026-08-31T17:19:23.187Z,2,Tim White
JOV-5499,Duplicate,2026-08-31T00:48:00.309Z,2026-08-31T17:19:33.323Z,2,Tim White
JOV-5501,Duplicate,2026-08-31T00:48:04.562Z,2026-08-31T17:19:31.398Z,2,Tim White
JOV-5503,Duplicate,2026-08-31T00:48:08.659Z,2026-08-31T17:19:16.821Z,2,Tim White
JOV-5506,Duplicate,2026-08-31T00:48:13.312Z,2026-09-04T01:34:40.118Z,1,Tim White
JOV-5508,Duplicate,2026-08-31T00:48:19.768Z,2026-08-31T17:19:26.431Z,2,Tim White
JOV-5511,Duplicate,2026-08-31T00:48:31.608Z,2026-08-31T17:19:19.228Z,2,Tim White
JOV-5513,Duplicate,2026-08-31T00:51:31.097Z,2026-08-31T17:19:20.819Z,2,Tim White
JOV-5514,Duplicate,2026-08-31T00:51:32.638Z,2026-08-31T17:18:58.242Z,2,Tim White
JOV-5516,Backlog,2026-08-31T00:56:10.922Z,2026-09-09T16:05:00.788Z,2,Tim White
JOV-5526,Backlog,2026-08-31T00:56:29.300Z,2026-09-06T03:14:00.526Z,2,Tim White
JOV-5531,Duplicate,2026-08-31T00:56:36.412Z,2026-08-31T17:24:17.262Z,2,Tim White
JOV-5535,Backlog,2026-08-31T00:56:44.213Z,2026-09-06T03:17:44.761Z,2,Tim White
JOV-5537,Backlog,2026-08-31T00:56:46.982Z,2026-09-06T03:20:35.245Z,2,Tim White
JOV-5540,Duplicate,2026-08-31T00:56:52.254Z,2026-08-31T17:24:21.090Z,2,Tim White
JOV-5543,Duplicate,2026-08-31T00:56:55.908Z,2026-08-31T17:24:26.190Z,2,Tim White
JOV-5555,In Progress,2026-08-31T00:57:28.294Z,2026-09-26T05:24:42.219Z,1,Tim White
JOV-5557,Backlog,2026-08-31T00:58:52.382Z,2026-09-05T15:13:10.153Z,2,Tim White
JOV-5559,Backlog,2026-08-31T00:58:57.102Z,2026-09-06T03:46:53.427Z,2,Tim White
JOV-5561,Backlog,2026-08-31T00:58:59.704Z,2026-09-05T15:32:45.815Z,2,Tim White
JOV-5567,Backlog,2026-08-31T00:59:10.583Z,2026-09-06T04:50:59.770Z,2,Tim White
JOV-5568,Backlog,2026-08-31T00:59:12.194Z,2026-09-06T04:53:03.437Z,2,Tim White
JOV-5569,Backlog,2026-08-31T00:59:13.781Z,2026-09-06T05:00:43.717Z,2,Tim White
JOV-5571,In Review,2026-08-31T00:59:16.127Z,2026-09-06T05:12:50.302Z,2,Tim White
JOV-5572,Backlog,2026-08-31T00:59:17.338Z,2026-09-06T05:15:04.723Z,2,Tim White
JOV-5581,Backlog,2026-08-31T00:59:30.962Z,2026-09-06T06:07:53.576Z,2,Tim White
JOV-5582,Backlog,2026-08-31T00:59:32.523Z,2026-09-06T06:10:10.243Z,2,Tim White
JOV-5589,In Review,2026-08-31T00:59:43.457Z,2026-09-06T06:54:40.347Z,2,Tim White
JOV-5591,In Review,2026-08-31T00:59:46.587Z,2026-09-06T07:07:43.561Z,2,Tim White
JOV-5594,Backlog,2026-08-31T00:59:53.342Z,2026-09-05T18:03:56.262Z,2,Tim White
JOV-5599,Todo,2026-08-31T01:38:21.341Z,2026-09-04T04:42:49.013Z,1,
JOV-5604,Duplicate,2026-08-31T02:35:10.414Z,2026-08-31T02:38:48.303Z,4,Tim White
JOV-5606,Backlog,2026-08-31T03:08:37.553Z,2026-08-31T03:08:37.553Z,0,
JOV-5608,Todo,2026-08-31T13:16:22.724Z,2026-09-04T04:35:45.078Z,1,
JOV-5740,Todo,2026-08-31T14:15:30.997Z,2026-09-05T15:21:35.651Z,2,Tim White
JOV-5746,Backlog,2026-08-31T14:42:51.625Z,2026-09-03T20:58:18.466Z,2,
JOV-5756,Backlog,2026-08-31T18:12:06.154Z,2026-08-31T18:39:36.858Z,0,Tim White
JOV-5757,Backlog,2026-08-31T18:14:21.567Z,2026-08-31T18:14:30.455Z,0,
JOV-5758,Backlog,2026-08-31T18:14:21.847Z,2026-08-31T18:14:31.159Z,0,
JOV-5759,Backlog,2026-08-31T18:25:39.988Z,2026-08-31T18:25:45.630Z,0,
JOV-5760,Backlog,2026-08-31T18:27:27.574Z,2026-08-31T18:27:32.696Z,0,
JOV-5762,In Progress,2026-08-31T18:39:36.858Z,2026-09-26T05:04:03.478Z,2,Tim White
JOV-5763,Backlog,2026-08-31T18:42:52.618Z,2026-09-09T16:11:18.715Z,0,Tim White
JOV-5769,Backlog,2026-08-31T19:04:30.835Z,2026-08-31T19:26:21.081Z,0,Tim White
JOV-5770,Todo,2026-08-31T19:10:31.587Z,2026-09-24T20:51:40.681Z,2,
JOV-5771,Backlog,2026-08-31T19:11:08.284Z,2026-09-03T20:42:26.642Z,3,
JOV-5772,Backlog,2026-08-31T19:26:33.108Z,2026-08-31T19:27:16.702Z,0,
JOV-5773,Backlog,2026-08-31T19:44:13.626Z,2026-09-01T19:51:42.689Z,2,
JOV-5774,Backlog,2026-08-31T19:44:52.070Z,2026-08-31T19:44:54.174Z,3,
JOV-5775,Backlog,2026-08-31T19:45:57.189Z,2026-08-31T19:46:28.367Z,0,
JOV-5776,Backlog,2026-08-31T19:46:07.167Z,2026-09-03T20:42:25.831Z,0,
JOV-5777,Backlog,2026-08-31T19:46:14.313Z,2026-09-03T20:42:25.796Z,0,
JOV-5778,Todo,2026-08-31T19:49:51.181Z,2026-09-25T00:58:22.933Z,2,
JOV-5779,Backlog,2026-08-31T19:53:51.264Z,2026-08-31T19:53:56.581Z,0,Tim White
JOV-5780,Backlog,2026-08-31T20:31:45.963Z,2026-08-31T20:32:06.564Z,0,Tim White
JOV-5781,In Review,2026-08-31T20:31:56.527Z,2026-09-03T06:23:38.099Z,0,Tim White
JOV-5783,Backlog,2026-08-31T21:01:38.700Z,2026-08-31T21:01:44.857Z,0,
JOV-5784,Backlog,2026-08-31T21:10:56.846Z,2026-09-01T19:59:33.892Z,0,Tim White
JOV-5786,Backlog,2026-08-31T21:21:22.198Z,2026-08-31T21:24:40.378Z,2,
JOV-5788,Backlog,2026-08-31T21:22:54.098Z,2026-09-12T08:16:50.500Z,2,
JOV-5789,Backlog,2026-08-31T21:22:56.234Z,2026-08-31T21:22:57.191Z,2,
JOV-5790,Backlog,2026-08-31T21:23:07.899Z,2026-08-31T21:23:08.264Z,2,
JOV-5791,Backlog,2026-08-31T21:24:40.378Z,2026-08-31T21:24:40.697Z,2,
JOV-5793,Backlog,2026-08-31T21:44:38.009Z,2026-09-01T20:32:10.061Z,0,Tim White
JOV-5795,Backlog,2026-08-31T22:13:53.976Z,2026-08-31T22:34:28.678Z,0,
JOV-5796,Backlog,2026-08-31T22:56:35.941Z,2026-09-01T02:10:01.733Z,0,Tim White
JOV-5797,Backlog,2026-08-31T22:56:43.986Z,2026-08-31T22:56:43.986Z,0,
JOV-5798,Backlog,2026-08-31T23:03:33.715Z,2026-08-31T23:11:45.778Z,0,
JOV-5799,Backlog,2026-08-31T23:35:12.199Z,2026-08-31T23:35:12.199Z,0,
JOV-5801,Backlog,2026-08-31T23:36:09.568Z,2026-08-31T23:36:09.568Z,0,
JOV-5802,Backlog,2026-08-31T23:39:14.857Z,2026-09-01T00:12:51.493Z,0,Tim White
JOV-5803,Backlog,2026-08-31T23:47:53.044Z,2026-08-31T23:48:02.243Z,0,
JOV-5804,Backlog,2026-09-01T00:32:56.125Z,2026-09-01T00:32:56.125Z,0,
JOV-5805,Backlog,2026-09-01T00:32:56.125Z,2026-09-01T20:38:23.561Z,0,
JOV-5806,Backlog,2026-09-01T00:32:56.125Z,2026-09-23T07:21:22.625Z,0,
JOV-5812,Backlog,2026-09-01T03:14:49.493Z,2026-09-01T03:14:56.196Z,0,Tim White
JOV-5815,Duplicate,2026-09-01T03:44:47.586Z,2026-09-01T15:36:21.920Z,0,
JOV-5817,Todo,2026-09-01T04:29:21.040Z,2026-09-23T11:03:59.270Z,1,
JOV-5822,In Progress,2026-09-01T13:00:24.305Z,2026-09-18T06:25:25.442Z,1,Tim White
JOV-5823,Duplicate,2026-09-01T15:35:31.994Z,2026-09-01T15:50:51.910Z,1,
JOV-5826,Backlog,2026-09-01T19:09:21.022Z,2026-09-09T16:07:33.921Z,0,Tim White
JOV-5827,Backlog,2026-09-01T19:28:32.773Z,2026-09-01T19:28:38.617Z,0,
JOV-5828,Todo,2026-09-01T19:30:51.926Z,2026-09-12T14:14:47.747Z,2,
JOV-5829,Backlog,2026-09-01T19:30:55.755Z,2026-09-03T20:42:33.502Z,2,
JOV-5830,Backlog,2026-09-01T19:31:00.621Z,2026-09-03T20:42:30.956Z,2,
JOV-5831,Backlog,2026-09-01T19:31:06.684Z,2026-09-03T20:42:29.050Z,3,
JOV-5832,Backlog,2026-09-01T19:31:09.227Z,2026-09-03T20:42:34.071Z,3,
JOV-5835,Duplicate,2026-09-01T19:36:11.248Z,2026-09-03T19:04:23.757Z,0,
JOV-5836,Backlog,2026-09-01T19:37:12.209Z,2026-09-03T20:42:27.797Z,3,
JOV-5837,Backlog,2026-09-01T19:39:44.130Z,2026-09-01T19:39:49.322Z,0,Tim White
JOV-5838,Backlog,2026-09-01T19:40:10.944Z,2026-09-01T19:40:18.296Z,0,
JOV-5841,Backlog,2026-09-01T19:55:37.481Z,2026-09-01T19:55:44.735Z,0,Tim White
JOV-5842,Backlog,2026-09-01T20:24:36.422Z,2026-09-01T20:24:42.413Z,0,Tim White
JOV-5844,Backlog,2026-09-01T20:30:32.408Z,2026-09-01T20:30:39.898Z,0,Tim White
JOV-5845,Backlog,2026-09-01T20:30:32.408Z,2026-09-01T20:30:39.898Z,0,Tim White
JOV-5846,Backlog,2026-09-01T20:33:58.841Z,2026-09-01T20:34:08.339Z,0,
JOV-5847,Backlog,2026-09-01T20:33:58.841Z,2026-09-04T00:22:36.293Z,0,
JOV-5849,Backlog,2026-09-01T20:39:47.864Z,2026-09-01T20:39:56.497Z,0,
JOV-5850,Backlog,2026-09-01T20:39:47.864Z,2026-09-01T20:39:56.497Z,0,
JOV-5851,In Progress,2026-09-01T20:57:40.388Z,2026-09-25T06:21:36.171Z,1,Tim White
JOV-5853,In Progress,2026-09-01T22:47:24.442Z,2026-09-25T07:02:14.672Z,1,Tim White
JOV-5855,Todo,2026-09-02T04:03:40.666Z,2026-09-04T04:42:47.736Z,2,
JOV-5856,In Progress,2026-09-02T13:28:51.983Z,2026-09-04T22:03:29.658Z,2,Tim White
JOV-5858,Todo,2026-09-02T15:37:51.571Z,2026-09-04T04:42:39.510Z,2,
JOV-5859,Backlog,2026-09-02T15:39:40.707Z,2026-09-02T15:39:40.707Z,2,
JOV-5860,Backlog,2026-09-02T15:39:41.820Z,2026-09-02T15:39:41.820Z,2,
JOV-5861,Todo,2026-09-02T16:04:56.105Z,2026-09-17T23:22:56.798Z,2,
JOV-5863,Backlog,2026-09-02T19:51:50.546Z,2026-09-03T18:15:51.416Z,2,
JOV-5865,Triage,2026-09-03T01:42:44.727Z,2026-09-26T04:16:43.200Z,2,Tim White
JOV-5866,Backlog,2026-09-03T02:04:21.599Z,2026-09-03T20:40:02.652Z,2,
JOV-5870,In Progress,2026-09-03T05:46:41.276Z,2026-09-26T04:28:23.948Z,2,Tim White
JOV-5872,In Progress,2026-09-03T05:46:52.869Z,2026-09-26T05:10:21.988Z,2,Tim White
JOV-5875,Backlog,2026-09-03T06:29:37.271Z,2026-09-03T20:42:25.866Z,0,
JOV-5876,Todo,2026-09-03T07:18:10.006Z,2026-09-25T00:58:22.933Z,0,
JOV-5877,Backlog,2026-09-03T08:35:40.943Z,2026-09-03T12:05:19.443Z,4,
JOV-5878,Backlog,2026-09-03T09:25:03.331Z,2026-09-03T12:04:55.233Z,3,
JOV-5879,In Progress,2026-09-03T10:50:42.442Z,2026-09-26T04:27:40.996Z,1,Tim White
JOV-5880,Todo,2026-09-03T10:50:42.442Z,2026-09-04T04:42:32.997Z,0,
JOV-5883,Todo,2026-09-03T18:16:09.618Z,2026-09-19T20:13:50.344Z,1,
JOV-5884,Backlog,2026-09-03T18:16:10.130Z,2026-09-11T22:16:31.023Z,2,
JOV-5885,Backlog,2026-09-03T18:16:10.528Z,2026-09-03T18:16:10.528Z,2,
JOV-5886,In Progress,2026-09-03T18:16:20.953Z,2026-09-09T16:29:17.327Z,1,Tim White
JOV-5890,Backlog,2026-09-03T18:38:33.731Z,2026-09-03T18:38:33.731Z,3,
JOV-5891,Backlog,2026-09-03T18:38:36.495Z,2026-09-03T18:38:36.495Z,2,
JOV-5892,Todo,2026-09-03T18:46:25.811Z,2026-09-04T04:41:59.347Z,2,
JOV-5894,Todo,2026-09-03T18:47:21.222Z,2026-09-20T10:04:58.294Z,2,
JOV-5895,Todo,2026-09-03T18:47:37.808Z,2026-09-04T04:42:23.634Z,2,
JOV-5896,Todo,2026-09-03T18:47:48.391Z,2026-09-04T04:42:26.550Z,2,
JOV-5897,Todo,2026-09-03T18:48:03.977Z,2026-09-19T23:48:43.142Z,2,
JOV-5898,Todo,2026-09-03T18:48:18.304Z,2026-09-20T10:04:58.294Z,2,
JOV-5900,Todo,2026-09-03T18:48:44.290Z,2026-09-04T04:42:19.821Z,2,
JOV-5901,Todo,2026-09-03T18:49:06.198Z,2026-09-04T04:42:15.458Z,2,
JOV-5902,Todo,2026-09-03T18:49:20.057Z,2026-09-04T04:42:06.925Z,2,
JOV-5903,Todo,2026-09-03T18:49:33.329Z,2026-09-04T04:42:12.347Z,2,
JOV-5904,Todo,2026-09-03T18:49:50.036Z,2026-09-19T18:45:26.435Z,2,
JOV-5905,Todo,2026-09-03T18:50:06.654Z,2026-09-19T18:45:26.105Z,3,
JOV-5906,Todo,2026-09-03T18:50:21.748Z,2026-09-19T18:45:25.738Z,3,
JOV-5907,Todo,2026-09-03T18:50:45.082Z,2026-09-04T04:41:49.850Z,2,
JOV-5908,Todo,2026-09-03T18:51:07.416Z,2026-09-04T04:41:55.295Z,2,
JOV-5912,In Progress,2026-09-03T19:17:33.756Z,2026-09-23T19:01:12.771Z,1,Tim White
JOV-5915,In Progress,2026-09-03T20:50:23.464Z,2026-09-19T15:09:58.368Z,1,Tim White
JOV-5916,Todo,2026-09-03T20:51:05.709Z,2026-09-24T18:00:47.379Z,2,
JOV-5917,Todo,2026-09-03T20:51:33.716Z,2026-09-19T18:46:42.052Z,2,
JOV-5918,Todo,2026-09-03T20:51:59.608Z,2026-09-12T22:18:50.629Z,2,
JOV-5919,In Progress,2026-09-03T20:52:28.861Z,2026-09-22T06:53:29.903Z,1,Tim White
JOV-5920,Todo,2026-09-03T20:54:22.410Z,2026-09-04T04:41:38.389Z,2,
JOV-5922,In Progress,2026-09-03T20:57:14.642Z,2026-09-23T11:33:29.869Z,2,Tim White
JOV-5923,Todo,2026-09-03T20:58:33.858Z,2026-09-09T16:31:06.447Z,0,
JOV-5924,Todo,2026-09-03T20:58:53.171Z,2026-09-04T04:40:47.014Z,2,
JOV-5925,In Progress,2026-09-03T21:08:42.801Z,2026-09-06T03:45:10.378Z,1,Tim White
JOV-5926,In Progress,2026-09-03T21:09:33.471Z,2026-09-12T04:46:55.846Z,1,Tim White
JOV-5927,In Progress,2026-09-03T21:10:05.862Z,2026-09-06T03:45:10.421Z,1,Tim White
JOV-5928,In Progress,2026-09-03T21:10:41.269Z,2026-09-06T04:21:49.840Z,1,Tim White
JOV-5930,Todo,2026-09-03T21:11:18.754Z,2026-09-24T18:04:14.791Z,1,
JOV-5931,Todo,2026-09-03T21:11:52.272Z,2026-09-19T14:35:42.687Z,2,
JOV-5932,Todo,2026-09-03T21:12:25.871Z,2026-09-19T14:35:42.687Z,1,
JOV-5933,In Progress,2026-09-03T21:30:32.143Z,2026-09-03T21:55:32.385Z,1,Tim White
JOV-5934,In Review,2026-09-03T21:30:47.787Z,2026-09-15T04:31:21.303Z,1,Tim White
JOV-5935,In Progress,2026-09-03T21:31:03.017Z,2026-09-12T21:14:37.270Z,1,Tim White
JOV-5936,In Progress,2026-09-03T21:31:20.156Z,2026-09-04T01:26:28.598Z,1,Tim White
JOV-5937,In Progress,2026-09-03T21:31:40.421Z,2026-09-03T22:47:12.020Z,1,Tim White
JOV-5939,In Progress,2026-09-03T21:32:16.779Z,2026-09-03T22:49:33.314Z,2,Tim White
JOV-5940,In Progress,2026-09-03T21:32:36.759Z,2026-09-03T22:50:43.455Z,2,Tim White
JOV-5942,In Progress,2026-09-03T21:33:12.091Z,2026-09-03T22:53:38.798Z,2,Tim White
JOV-5945,In Progress,2026-09-03T22:38:27.078Z,2026-09-20T00:17:12.261Z,1,Tim White
JOV-5946,In Progress,2026-09-03T22:38:58.128Z,2026-09-06T03:27:34.143Z,1,Tim White
JOV-5947,Todo,2026-09-03T22:39:27.094Z,2026-09-18T01:24:53.731Z,1,
JOV-5948,Todo,2026-09-03T22:39:58.202Z,2026-09-04T20:58:19.746Z,1,
JOV-5950,Todo,2026-09-03T22:41:39.076Z,2026-09-23T12:52:19.100Z,1,
JOV-5952,In Progress,2026-09-03T23:56:12.933Z,2026-09-04T00:34:36.245Z,1,Tim White
JOV-5953,In Progress,2026-09-03T23:56:55.419Z,2026-09-04T00:40:42.280Z,1,Tim White
JOV-5955,In Progress,2026-09-03T23:58:03.748Z,2026-09-04T00:43:57.445Z,1,Tim White
JOV-5956,In Progress,2026-09-03T23:58:38.710Z,2026-09-06T03:28:53.876Z,1,Tim White
JOV-5957,In Progress,2026-09-03T23:59:13.530Z,2026-09-04T00:57:25.476Z,1,Tim White
JOV-5958,In Progress,2026-09-04T00:09:52.909Z,2026-09-14T19:39:26.744Z,1,Tim White
JOV-5959,In Progress,2026-09-04T00:15:45.769Z,2026-09-04T01:26:28.316Z,1,Tim White
JOV-5960,In Progress,2026-09-04T00:25:08.881Z,2026-09-15T02:57:05.405Z,2,Tim White
JOV-5963,Duplicate,2026-09-04T00:35:29.163Z,2026-09-04T00:59:45.177Z,1,
JOV-5964,In Progress,2026-09-04T00:36:59.789Z,2026-09-04T00:36:59.789Z,1,
JOV-5965,Duplicate,2026-09-04T00:47:09.003Z,2026-09-04T00:58:57.856Z,1,Tim White
JOV-5967,Duplicate,2026-09-04T01:28:01.385Z,2026-09-04T01:34:36.622Z,1,
JOV-5968,Duplicate,2026-09-04T01:28:19.633Z,2026-09-04T01:34:36.941Z,1,
JOV-5969,Duplicate,2026-09-04T01:30:00.963Z,2026-09-04T01:34:38.447Z,1,
JOV-5970,Duplicate,2026-09-04T01:41:09.629Z,2026-09-04T01:43:08.385Z,1,
JOV-5971,Duplicate,2026-09-04T01:48:49.445Z,2026-09-04T01:59:59.526Z,1,
JOV-5972,Duplicate,2026-09-04T01:54:21.334Z,2026-09-04T01:59:59.711Z,1,
JOV-5975,Duplicate,2026-09-04T02:09:50.261Z,2026-09-04T02:21:18.493Z,1,
JOV-5976,Duplicate,2026-09-04T02:15:49.475Z,2026-09-04T02:21:18.719Z,1,
JOV-5977,In Progress,2026-09-04T02:16:20.770Z,2026-09-04T02:16:30.785Z,2,
JOV-5978,Duplicate,2026-09-04T02:22:27.295Z,2026-09-04T02:27:19.156Z,1,
JOV-5979,Duplicate,2026-09-04T02:31:20.978Z,2026-09-04T02:45:24.180Z,1,
JOV-5980,Duplicate,2026-09-04T02:55:32.691Z,2026-09-04T03:04:39.134Z,1,
JOV-5981,Duplicate,2026-09-04T03:04:15.184Z,2026-09-04T03:05:27.931Z,1,
JOV-5982,Duplicate,2026-09-04T03:19:02.259Z,2026-09-04T03:28:21.735Z,1,
JOV-5983,Backlog,2026-09-04T03:21:37.464Z,2026-09-04T03:21:46.699Z,0,
JOV-5984,Backlog,2026-09-04T03:21:38.113Z,2026-09-04T20:26:32.878Z,0,
JOV-5985,Duplicate,2026-09-04T03:40:54.491Z,2026-09-04T03:44:51.735Z,1,
JOV-5986,Duplicate,2026-09-04T03:41:23.008Z,2026-09-04T03:44:54.245Z,1,
JOV-5988,Backlog,2026-09-04T03:44:42.279Z,2026-09-05T20:59:41.474Z,4,
JOV-5989,Duplicate,2026-09-04T03:56:58.680Z,2026-09-04T04:05:25.476Z,1,
JOV-5990,Duplicate,2026-09-04T04:00:30.674Z,2026-09-04T04:08:47.694Z,1,Tim White
JOV-5994,Duplicate,2026-09-04T05:39:36.870Z,2026-09-04T05:41:07.949Z,2,
JOV-5999,In Progress,2026-09-04T17:01:21.637Z,2026-09-04T18:45:16.092Z,2,
JOV-6000,In Progress,2026-09-04T17:10:21.773Z,2026-09-26T04:43:42.493Z,2,Tim White
JOV-6002,Todo,2026-09-04T18:45:37.698Z,2026-09-04T18:45:38.478Z,2,
JOV-6003,In Review,2026-09-04T19:17:34.831Z,2026-09-18T06:15:05.143Z,2,Tim White
JOV-6006,Backlog,2026-09-04T20:26:32.878Z,2026-09-04T20:26:35.904Z,3,
JOV-6011,Todo,2026-09-04T23:35:55.660Z,2026-09-11T19:48:11.096Z,0,Tim White
JOV-6012,Todo,2026-09-04T23:37:34.045Z,2026-09-06T17:20:01.931Z,0,Tim White
JOV-6013,Todo,2026-09-04T23:59:50.103Z,2026-09-07T02:18:39.934Z,1,
JOV-6014,Todo,2026-09-04T23:59:58.186Z,2026-09-07T17:51:45.013Z,1,
JOV-6015,Todo,2026-09-05T00:00:09.690Z,2026-09-07T17:51:45.031Z,1,
JOV-6016,Todo,2026-09-05T00:00:20.664Z,2026-09-07T17:41:51.123Z,1,
JOV-6017,Todo,2026-09-05T00:00:32.017Z,2026-09-07T02:18:39.887Z,1,
JOV-6018,Todo,2026-09-05T00:00:42.918Z,2026-09-07T02:18:39.978Z,1,
JOV-6019,Todo,2026-09-05T00:00:56.910Z,2026-09-07T17:52:20.839Z,1,
JOV-6020,Backlog,2026-09-05T00:01:06.413Z,2026-09-06T04:17:15.825Z,2,
JOV-6022,In Progress,2026-09-05T02:25:14.891Z,2026-09-05T02:25:14.891Z,0,Tim White
JOV-6023,In Review,2026-09-05T11:47:11.863Z,2026-09-23T12:53:18.796Z,1,Tim White
JOV-6024,Todo,2026-09-05T11:47:12.297Z,2026-09-24T19:53:18.460Z,1,Tim White
JOV-6025,Todo,2026-09-05T11:47:12.746Z,2026-09-19T21:32:09.108Z,1,Tim White
JOV-6035,Duplicate,2026-09-05T22:01:14.459Z,2026-09-05T22:02:40.838Z,4,
JOV-6036,Backlog,2026-09-06T01:37:08.210Z,2026-09-12T20:24:10.171Z,1,
JOV-6037,Todo,2026-09-06T01:37:09.845Z,2026-09-06T17:19:10.958Z,2,Tim White
JOV-6038,Backlog,2026-09-06T02:57:20.080Z,2026-09-06T02:57:20.080Z,2,
JOV-6039,In Progress,2026-09-06T02:58:15.596Z,2026-09-15T02:55:12.704Z,2,Tim White
JOV-6040,In Progress,2026-09-06T02:58:27.026Z,2026-09-15T02:50:57.047Z,2,Tim White
JOV-6041,In Progress,2026-09-06T02:58:37.790Z,2026-09-15T02:55:12.821Z,1,Tim White
JOV-6043,In Progress,2026-09-06T03:13:24.457Z,2026-09-17T23:00:35.560Z,1,Tim White
JOV-6044,In Progress,2026-09-06T03:13:32.361Z,2026-09-23T11:33:53.127Z,1,Tim White
JOV-6045,In Progress,2026-09-06T03:13:40.637Z,2026-09-14T03:06:57.179Z,1,Tim White
JOV-6046,In Progress,2026-09-06T03:13:47.912Z,2026-09-14T03:08:19.763Z,1,Tim White
JOV-6047,In Progress,2026-09-06T03:13:55.143Z,2026-09-18T00:52:28.706Z,1,Tim White
JOV-6048,In Progress,2026-09-06T03:14:02.028Z,2026-09-14T03:07:21.192Z,1,Tim White
JOV-6049,In Progress,2026-09-06T03:14:08.767Z,2026-09-17T23:00:35.560Z,1,Tim White
JOV-6050,In Progress,2026-09-06T03:14:16.606Z,2026-09-20T10:46:28.887Z,1,Tim White
JOV-6052,In Progress,2026-09-06T03:21:00.305Z,2026-09-14T03:09:20.070Z,1,Tim White
JOV-6054,In Progress,2026-09-06T03:21:19.332Z,2026-09-06T03:37:28.400Z,1,Tim White
JOV-6055,In Progress,2026-09-06T03:21:30.829Z,2026-09-06T04:21:50.257Z,1,Tim White
JOV-6056,In Progress,2026-09-06T03:21:40.146Z,2026-09-06T03:39:14.236Z,1,Tim White
JOV-6057,In Progress,2026-09-06T03:21:48.298Z,2026-09-24T18:05:16.698Z,1,Tim White
JOV-6058,In Progress,2026-09-06T03:21:55.850Z,2026-09-06T03:43:52.079Z,1,Tim White
JOV-6059,In Progress,2026-09-06T03:22:08.318Z,2026-09-06T03:45:21.580Z,1,Tim White
JOV-6060,In Progress,2026-09-06T03:22:17.554Z,2026-09-14T03:10:53.448Z,1,Tim White
JOV-6061,In Progress,2026-09-06T03:22:30.925Z,2026-09-06T03:49:04.919Z,1,Tim White
JOV-6063,In Progress,2026-09-06T03:22:45.545Z,2026-09-14T03:10:32.598Z,1,Tim White
JOV-6064,In Progress,2026-09-06T03:22:54.189Z,2026-09-24T18:04:52.381Z,1,Tim White
JOV-6065,In Progress,2026-09-06T03:35:01.346Z,2026-09-07T17:43:38.773Z,1,Tim White
JOV-6066,In Progress,2026-09-06T03:35:12.371Z,2026-09-07T17:35:42.477Z,1,Tim White
JOV-6067,In Progress,2026-09-06T03:35:19.769Z,2026-09-07T17:41:50.594Z,1,Tim White
JOV-6068,In Progress,2026-09-06T03:35:26.435Z,2026-09-07T17:35:52.248Z,1,Tim White
JOV-6069,In Progress,2026-09-06T03:35:34.372Z,2026-09-07T17:35:58.630Z,1,Tim White
JOV-6070,In Progress,2026-09-06T03:35:41.777Z,2026-09-18T00:52:23.894Z,1,Tim White
JOV-6071,In Progress,2026-09-06T03:35:47.990Z,2026-09-07T17:36:12.711Z,1,Tim White
JOV-6072,In Progress,2026-09-06T03:35:56.487Z,2026-09-07T17:36:21.592Z,1,Tim White
JOV-6073,In Progress,2026-09-06T03:36:04.602Z,2026-09-07T17:36:29.489Z,1,Tim White
JOV-6074,In Progress,2026-09-06T03:36:13.337Z,2026-09-07T17:36:34.014Z,1,Tim White
JOV-6075,In Progress,2026-09-06T03:36:22.218Z,2026-09-24T05:24:53.119Z,1,Tim White
JOV-6078,Todo,2026-09-06T17:40:24.753Z,2026-09-23T12:53:26.963Z,2,Tim White
JOV-6079,Backlog,2026-09-06T17:40:25.038Z,2026-09-19T23:37:38.930Z,0,
JOV-6080,Backlog,2026-09-06T17:40:25.311Z,2026-09-06T17:40:25.311Z,0,
JOV-6081,Backlog,2026-09-06T17:40:25.591Z,2026-09-06T17:40:25.591Z,0,
JOV-6082,Backlog,2026-09-06T17:58:22.640Z,2026-09-23T16:46:24.644Z,0,
JOV-6084,In Progress,2026-09-07T09:23:05.581Z,2026-09-20T02:54:27.584Z,4,
JOV-6085,Backlog,2026-09-07T13:12:22.789Z,2026-09-07T13:12:22.789Z,0,
JOV-6086,Todo,2026-09-07T16:52:47.870Z,2026-09-09T16:11:12.773Z,2,
JOV-6087,Todo,2026-09-07T17:37:40.332Z,2026-09-07T17:48:43.105Z,2,
JOV-6088,Todo,2026-09-07T17:38:00.670Z,2026-09-07T17:50:10.589Z,2,
JOV-6089,Todo,2026-09-07T17:38:24.700Z,2026-09-25T01:31:50.936Z,2,Tim White
JOV-6090,Todo,2026-09-07T17:39:34.278Z,2026-09-25T01:31:18.036Z,2,Tim White
JOV-6091,Todo,2026-09-07T17:39:52.078Z,2026-09-25T00:58:22.933Z,2,
JOV-6092,Todo,2026-09-07T17:40:08.886Z,2026-09-07T17:50:20.017Z,2,
JOV-6093,Todo,2026-09-07T17:40:32.612Z,2026-09-25T00:58:22.933Z,2,
JOV-6094,Todo,2026-09-07T17:41:24.376Z,2026-09-12T22:24:50.909Z,2,
JOV-6095,Todo,2026-09-07T17:41:50.594Z,2026-09-07T17:49:23.551Z,2,
JOV-6096,Todo,2026-09-07T17:42:54.224Z,2026-09-07T17:52:20.837Z,2,
JOV-6097,Todo,2026-09-07T17:43:38.773Z,2026-09-07T17:52:40.264Z,2,
JOV-6098,In Review,2026-09-07T17:45:04.648Z,2026-09-25T02:47:09.522Z,1,Tim White
JOV-6099,Todo,2026-09-07T17:48:43.105Z,2026-09-07T17:52:39.663Z,2,
JOV-6100,Todo,2026-09-07T17:49:21.815Z,2026-09-07T17:49:21.815Z,2,
JOV-6101,In Progress,2026-09-08T11:22:21.584Z,2026-09-08T11:47:45.645Z,1,Tim White
JOV-6106,In Review,2026-09-08T16:26:03.245Z,2026-09-08T22:10:25.263Z,1,Tim White
JOV-6109,In Progress,2026-09-08T22:50:39.176Z,2026-09-20T02:54:27.584Z,2,
JOV-6111,Backlog,2026-09-09T05:45:05.028Z,2026-09-09T12:08:24.950Z,3,
JOV-6112,In Review,2026-09-09T07:53:42.613Z,2026-09-09T16:57:41.482Z,1,Tim White
JOV-6113,Backlog,2026-09-09T13:57:31.997Z,2026-09-09T13:57:31.997Z,0,
JOV-6115,Backlog,2026-09-09T15:55:48.456Z,2026-09-15T02:59:19.088Z,3,
JOV-6116,Backlog,2026-09-09T15:55:48.775Z,2026-09-15T02:58:56.192Z,3,
JOV-6117,Duplicate,2026-09-09T15:55:54.212Z,2026-09-15T02:50:33.624Z,2,
JOV-6118,Todo,2026-09-09T15:55:54.558Z,2026-09-15T03:01:12.730Z,2,
JOV-6119,Backlog,2026-09-09T19:54:10.910Z,2026-09-12T22:24:33.614Z,2,Tim White
JOV-6120,In Progress,2026-09-10T10:06:28.281Z,2026-09-20T02:54:27.584Z,2,
JOV-6121,Todo,2026-09-10T15:20:49.254Z,2026-09-12T22:24:52.424Z,1,
JOV-6122,Todo,2026-09-10T15:20:50.203Z,2026-09-12T22:24:50.977Z,1,
JOV-6123,In Progress,2026-09-10T22:37:43.720Z,2026-09-26T05:35:36.681Z,2,
JOV-6127,Backlog,2026-09-11T02:02:13.118Z,2026-09-12T03:34:41.126Z,2,
JOV-6131,Backlog,2026-09-11T19:23:10.990Z,2026-09-11T19:23:11.442Z,4,
JOV-6132,Backlog,2026-09-11T19:33:59.108Z,2026-09-11T19:34:04.902Z,0,
JOV-6133,In Review,2026-09-11T19:34:13.485Z,2026-09-11T19:36:19.806Z,1,Tim White
JOV-6138,In Review,2026-09-11T20:11:40.912Z,2026-09-11T20:37:49.620Z,3,Tim White
JOV-6139,Backlog,2026-09-11T20:54:13.763Z,2026-09-11T22:01:43.329Z,2,
JOV-6140,Backlog,2026-09-11T20:54:21.240Z,2026-09-15T02:58:36.982Z,2,
JOV-6142,Backlog,2026-09-11T20:54:30.082Z,2026-09-11T22:10:36.957Z,2,
JOV-6143,Backlog,2026-09-11T20:54:31.898Z,2026-09-15T02:58:37.391Z,2,
JOV-6144,Backlog,2026-09-11T20:54:32.377Z,2026-09-11T22:08:43.094Z,2,
JOV-6145,Backlog,2026-09-11T20:54:33.397Z,2026-09-11T22:20:50.674Z,3,
JOV-6146,Backlog,2026-09-11T20:54:39.477Z,2026-09-11T22:24:16.782Z,3,
JOV-6148,Backlog,2026-09-11T21:14:46.730Z,2026-09-11T22:47:04.940Z,0,
JOV-6151,Backlog,2026-09-11T22:37:03.448Z,2026-09-12T04:09:14.832Z,3,
JOV-6153,In Progress,2026-09-12T00:23:36.214Z,2026-09-12T02:47:04.655Z,2,
JOV-6156,Backlog,2026-09-12T00:23:50.067Z,2026-09-12T02:26:16.760Z,3,
JOV-6157,In Progress,2026-09-12T00:30:27.295Z,2026-09-17T23:46:53.575Z,4,Tim White
JOV-6158,Backlog,2026-09-12T00:31:53.988Z,2026-09-12T02:43:47.891Z,3,
JOV-6159,Backlog,2026-09-12T00:31:55.261Z,2026-09-12T02:39:45.533Z,3,
JOV-6160,Backlog,2026-09-12T00:31:56.537Z,2026-09-12T02:33:30.412Z,3,
JOV-6161,Backlog,2026-09-12T00:31:57.496Z,2026-09-12T02:48:27.781Z,3,
JOV-6162,Backlog,2026-09-12T00:31:59.444Z,2026-09-12T02:36:36.382Z,3,
JOV-6164,In Progress,2026-09-12T01:46:07.447Z,2026-09-16T17:36:54.827Z,2,
JOV-6165,Backlog,2026-09-12T02:42:39.227Z,2026-09-12T04:09:35.552Z,2,
JOV-6169,Duplicate,2026-09-12T02:53:06.486Z,2026-09-12T04:09:35.552Z,2,
JOV-6171,Duplicate,2026-09-12T03:05:59.077Z,2026-09-12T04:54:06.984Z,2,
JOV-6178,Backlog,2026-09-12T03:41:31.484Z,2026-09-12T05:54:42.043Z,4,
JOV-6180,Todo,2026-09-12T04:26:53.353Z,2026-09-12T07:07:17.531Z,3,
JOV-6182,In Progress,2026-09-12T04:43:41.389Z,2026-09-12T07:23:29.640Z,2,Tim White
JOV-6185,Todo,2026-09-12T04:44:48.159Z,2026-09-26T05:14:49.557Z,2,Tim White
JOV-6188,In Review,2026-09-12T04:45:41.762Z,2026-09-12T04:59:11.802Z,2,Tim White
JOV-6189,Todo,2026-09-12T04:45:43.390Z,2026-09-23T11:39:41.839Z,3,
JOV-6190,In Progress,2026-09-12T04:46:01.935Z,2026-09-26T04:43:40.895Z,2,Tim White
JOV-6192,In Progress,2026-09-12T04:46:44.007Z,2026-09-26T04:43:50.884Z,2,Tim White
JOV-6193,Backlog,2026-09-12T04:57:50.647Z,2026-09-12T04:57:52.736Z,4,
JOV-6194,Backlog,2026-09-12T04:57:53.205Z,2026-09-12T04:57:54.218Z,4,
JOV-6195,Backlog,2026-09-12T05:03:01.961Z,2026-09-12T22:24:26.138Z,2,Tim White
JOV-6196,In Progress,2026-09-12T05:03:11.997Z,2026-09-23T19:01:12.775Z,1,Tim White
JOV-6199,Todo,2026-09-12T05:03:37.419Z,2026-09-14T18:18:10.170Z,3,
JOV-6202,In Review,2026-09-12T05:13:31.745Z,2026-09-18T23:02:36.097Z,1,Tim White
JOV-6205,Backlog,2026-09-12T05:22:34.044Z,2026-09-12T08:16:50.500Z,0,
JOV-6208,Backlog,2026-09-12T05:37:26.235Z,2026-09-12T08:26:08.744Z,3,
JOV-6210,Todo,2026-09-12T06:08:37.400Z,2026-09-12T08:45:31.956Z,3,
JOV-6211,Backlog,2026-09-12T07:57:50.906Z,2026-09-15T02:24:54.234Z,4,
JOV-6212,In Progress,2026-09-12T14:13:31.519Z,2026-09-26T05:16:25.109Z,2,Tim White
JOV-6213,Backlog,2026-09-12T14:14:47.747Z,2026-09-12T14:14:47.747Z,3,
JOV-6214,In Progress,2026-09-12T14:39:47.664Z,2026-09-26T05:35:34.174Z,2,
JOV-6215,Backlog,2026-09-12T15:17:55.326Z,2026-09-12T15:17:55.326Z,2,
JOV-6216,In Progress,2026-09-12T15:18:38.840Z,2026-09-26T04:43:49.606Z,2,Tim White
JOV-6220,Todo,2026-09-12T18:31:17.837Z,2026-09-23T19:00:52.863Z,2,
JOV-6221,In Progress,2026-09-12T18:31:28.410Z,2026-09-16T16:58:46.958Z,1,Tim White
JOV-6222,Backlog,2026-09-12T18:31:36.983Z,2026-09-14T20:51:37.235Z,2,
JOV-6223,In Progress,2026-09-12T18:31:44.121Z,2026-09-24T21:28:39.896Z,1,Tim White
JOV-6225,Todo,2026-09-12T20:19:26.459Z,2026-09-25T00:58:22.933Z,2,
JOV-6226,Todo,2026-09-12T20:19:38.443Z,2026-09-25T00:58:22.933Z,2,
JOV-6227,Todo,2026-09-12T20:19:49.617Z,2026-09-12T20:19:50.248Z,2,
JOV-6229,Backlog,2026-09-12T21:16:18.916Z,2026-09-15T02:58:37.787Z,2,
JOV-6230,Backlog,2026-09-12T21:16:24.101Z,2026-09-12T21:16:24.101Z,2,
JOV-6234,In Progress,2026-09-12T21:49:39.259Z,2026-09-26T04:32:30.031Z,2,Tim White
JOV-6235,Todo,2026-09-12T23:15:11.146Z,2026-09-12T23:16:52.753Z,2,Tim White
JOV-6236,Todo,2026-09-12T23:15:56.349Z,2026-09-12T23:16:52.855Z,2,Tim White
JOV-6239,Backlog,2026-09-12T23:16:52.201Z,2026-09-12T23:17:08.234Z,2,Tim White
JOV-6240,Backlog,2026-09-12T23:17:07.017Z,2026-09-12T23:17:08.202Z,2,Tim White
JOV-6242,Backlog,2026-09-13T00:26:47.090Z,2026-09-16T23:26:03.322Z,2,
JOV-6245,In Progress,2026-09-13T01:43:28.032Z,2026-09-22T02:04:19.719Z,1,Tim White
JOV-6246,In Progress,2026-09-13T01:45:45.817Z,2026-09-26T05:14:25.073Z,2,Tim White
JOV-6247,In Progress,2026-09-13T01:46:33.007Z,2026-09-26T04:43:47.230Z,2,Tim White
JOV-6248,Todo,2026-09-13T01:46:54.293Z,2026-09-13T01:48:22.271Z,3,
JOV-6249,Todo,2026-09-13T01:47:12.268Z,2026-09-13T01:48:26.700Z,3,
JOV-6250,Todo,2026-09-13T01:47:36.551Z,2026-09-13T01:48:31.503Z,3,
JOV-6251,Triage,2026-09-13T01:47:59.010Z,2026-09-26T04:32:01.930Z,2,Tim White
JOV-6252,Backlog,2026-09-13T02:20:33.446Z,2026-09-15T02:13:10.346Z,2,
JOV-6253,In Progress,2026-09-13T09:36:10.890Z,2026-09-20T02:54:27.584Z,2,
JOV-6255,In Progress,2026-09-13T09:36:55.980Z,2026-09-20T02:54:27.584Z,2,
JOV-6256,Backlog,2026-09-13T13:44:47.424Z,2026-09-16T16:49:49.442Z,4,Tim White
JOV-6258,In Progress,2026-09-13T23:09:28.501Z,2026-09-20T03:21:24.256Z,2,
JOV-6259,In Progress,2026-09-14T00:33:44.821Z,2026-09-14T00:33:44.821Z,0,
JOV-6262,Todo,2026-09-14T02:48:52.129Z,2026-09-17T18:56:32.004Z,2,
JOV-6263,Triage,2026-09-14T02:49:17.260Z,2026-09-26T04:16:21.305Z,2,Tim White
JOV-6264,Todo,2026-09-14T02:49:38.477Z,2026-09-17T20:52:58.573Z,3,
JOV-6265,In Progress,2026-09-14T02:49:59.994Z,2026-09-26T05:29:09.602Z,2,Tim White
JOV-6266,Todo,2026-09-14T03:06:26.375Z,2026-09-14T03:14:41.800Z,2,
JOV-6269,Todo,2026-09-14T03:08:18.225Z,2026-09-14T03:08:18.225Z,2,
JOV-6270,Todo,2026-09-14T03:09:02.152Z,2026-09-14T03:11:27.034Z,2,
JOV-6271,Todo,2026-09-14T03:09:20.070Z,2026-09-14T03:10:53.448Z,2,
JOV-6272,Todo,2026-09-14T03:09:50.347Z,2026-09-26T05:03:33.127Z,2,Tim White
JOV-6273,Todo,2026-09-14T03:10:12.836Z,2026-09-14T03:10:14.490Z,3,
JOV-6274,Todo,2026-09-14T03:10:32.598Z,2026-09-14T03:10:32.598Z,3,
JOV-6275,Todo,2026-09-14T03:10:53.448Z,2026-09-14T03:10:53.448Z,2,
JOV-6277,In Progress,2026-09-14T16:40:50.571Z,2026-09-14T16:40:50.571Z,2,
JOV-6278,Backlog,2026-09-14T17:07:57.827Z,2026-09-14T17:07:57.827Z,3,
JOV-6279,Backlog,2026-09-14T17:49:49.114Z,2026-09-23T20:19:07.426Z,2,
JOV-6281,Backlog,2026-09-14T18:21:44.412Z,2026-09-14T18:31:39.319Z,4,
JOV-6282,Backlog,2026-09-14T20:48:07.479Z,2026-09-14T20:52:39.555Z,3,
JOV-6283,Backlog,2026-09-14T20:48:42.597Z,2026-09-14T20:52:40.334Z,3,
JOV-6284,Backlog,2026-09-14T20:49:12.239Z,2026-09-14T20:51:10.068Z,3,
JOV-6285,Backlog,2026-09-14T20:50:04.428Z,2026-09-14T20:52:40.542Z,3,
JOV-6286,Backlog,2026-09-14T20:50:25.847Z,2026-09-14T20:50:26.887Z,4,
JOV-6287,Backlog,2026-09-14T20:50:50.160Z,2026-09-14T20:53:06.332Z,4,
JOV-6288,Backlog,2026-09-14T20:51:09.386Z,2026-09-14T20:51:53.885Z,3,
JOV-6289,Backlog,2026-09-14T20:51:36.375Z,2026-09-14T20:51:36.872Z,3,
JOV-6290,Backlog,2026-09-14T20:51:53.307Z,2026-09-14T20:51:53.880Z,4,
JOV-6292,Backlog,2026-09-15T02:13:10.346Z,2026-09-15T02:13:10.346Z,4,
JOV-6293,Backlog,2026-09-15T02:24:54.234Z,2026-09-15T02:24:54.234Z,4,
JOV-6294,In Review,2026-09-15T02:39:54.989Z,2026-09-15T04:23:53.593Z,2,Tim White
JOV-6295,Todo,2026-09-15T02:47:32.975Z,2026-09-16T16:54:38.274Z,2,
JOV-6296,Todo,2026-09-15T02:47:47.650Z,2026-09-15T02:55:38.925Z,2,
JOV-6297,Todo,2026-09-15T02:47:58.002Z,2026-09-15T03:01:22.975Z,2,
JOV-6298,Backlog,2026-09-15T02:48:10.161Z,2026-09-15T02:58:35.882Z,3,
JOV-6299,Backlog,2026-09-15T02:48:21.129Z,2026-09-15T02:58:52.490Z,3,
JOV-6300,Todo,2026-09-15T02:49:38.237Z,2026-09-15T03:01:22.871Z,2,
JOV-6301,Duplicate,2026-09-15T02:50:22.110Z,2026-09-15T02:59:53.791Z,1,
JOV-6341,In Review,2026-09-16T16:51:07.395Z,2026-09-17T21:49:49.492Z,2,Tim White
JOV-6342,In Progress,2026-09-16T16:51:29.975Z,2026-09-26T04:50:52.646Z,2,Tim White
JOV-6343,Todo,2026-09-16T16:52:18.455Z,2026-09-19T20:53:17.200Z,2,Tim White
JOV-6344,Todo,2026-09-16T16:54:05.750Z,2026-09-16T16:58:46.958Z,3,
JOV-6345,Todo,2026-09-16T16:56:44.795Z,2026-09-23T11:39:41.390Z,3,
JOV-6346,Todo,2026-09-16T16:57:21.997Z,2026-09-20T17:21:29.513Z,2,
JOV-6349,Triage,2026-09-16T20:12:17.381Z,2026-09-20T02:54:27.584Z,3,
JOV-6350,Triage,2026-09-16T20:20:19.680Z,2026-09-16T20:20:19.680Z,0,
JOV-6351,Triage,2026-09-16T20:20:45.198Z,2026-09-16T20:20:45.198Z,0,
JOV-6356,Todo,2026-09-16T22:30:14.630Z,2026-09-25T00:49:43.593Z,0,
JOV-6357,Triage,2026-09-16T22:30:17.013Z,2026-09-16T22:30:17.013Z,0,
JOV-6358,Triage,2026-09-16T22:30:18.799Z,2026-09-16T22:30:18.799Z,0,
JOV-6411,Todo,2026-09-17T12:01:47.868Z,2026-09-20T00:11:09.872Z,3,
JOV-6412,In Progress,2026-09-17T12:02:18.211Z,2026-09-20T10:45:22.786Z,3,Tim White
JOV-6413,Todo,2026-09-17T12:02:50.277Z,2026-09-20T10:46:30.437Z,3,
JOV-6414,Todo,2026-09-17T12:03:26.624Z,2026-09-20T10:45:22.786Z,3,
JOV-6419,Todo,2026-09-17T14:11:56.380Z,2026-09-26T04:31:05.990Z,2,
JOV-6420,Todo,2026-09-17T14:12:24.091Z,2026-09-20T10:47:26.870Z,3,
JOV-6421,Backlog,2026-09-17T14:12:58.060Z,2026-09-17T14:12:58.587Z,3,
JOV-6422,Backlog,2026-09-17T14:13:28.782Z,2026-09-17T14:13:29.505Z,3,
JOV-6423,Backlog,2026-09-17T14:13:53.400Z,2026-09-17T14:13:53.975Z,3,
JOV-6424,Backlog,2026-09-17T14:14:17.457Z,2026-09-17T14:14:18.116Z,3,
JOV-6425,Backlog,2026-09-17T14:14:37.839Z,2026-09-19T23:37:38.930Z,4,
JOV-6426,Backlog,2026-09-17T14:15:02.194Z,2026-09-17T14:15:03.058Z,4,
JOV-6427,Todo,2026-09-17T18:22:34.349Z,2026-09-19T18:48:51.073Z,1,
JOV-6428,Todo,2026-09-17T18:23:04.987Z,2026-09-17T23:00:35.560Z,2,
JOV-6429,Todo,2026-09-17T18:23:35.716Z,2026-09-20T10:44:38.152Z,2,
JOV-6430,Todo,2026-09-17T18:24:11.666Z,2026-09-17T18:24:11.666Z,3,
JOV-6431,Todo,2026-09-17T18:24:47.195Z,2026-09-20T10:47:26.870Z,2,
JOV-6433,Todo,2026-09-17T23:22:18.455Z,2026-09-25T00:49:43.523Z,2,
JOV-6435,In Progress,2026-09-17T23:23:03.793Z,2026-09-25T21:03:34.362Z,3,Tim White
JOV-6437,Triage,2026-09-17T23:23:11.505Z,2026-09-25T21:36:00.619Z,4,Tim White
JOV-6440,In Progress,2026-09-17T23:27:38.017Z,2026-09-18T06:14:18.034Z,2,Tim White
JOV-6447,Triage,2026-09-18T00:51:49.790Z,2026-09-20T03:20:00.263Z,3,
JOV-6448,Triage,2026-09-18T00:51:50.411Z,2026-09-18T00:51:50.411Z,4,
JOV-6451,In Progress,2026-09-18T00:51:52.858Z,2026-09-25T20:57:47.838Z,2,Tim White
JOV-6453,In Progress,2026-09-18T00:58:59.587Z,2026-09-25T21:03:54.901Z,3,Tim White
JOV-6455,In Progress,2026-09-18T00:59:00.765Z,2026-09-20T02:54:27.584Z,4,Tim White
JOV-6458,Todo,2026-09-18T00:59:04.402Z,2026-09-24T18:05:36.802Z,2,
JOV-6459,Todo,2026-09-18T00:59:05.278Z,2026-09-25T05:41:24.114Z,2,Tim White
JOV-6460,In Progress,2026-09-18T06:14:46.132Z,2026-09-18T06:25:49.981Z,3,Tim White
JOV-6463,Backlog,2026-09-18T23:11:24.703Z,2026-09-18T23:11:24.703Z,4,
JOV-6464,Todo,2026-09-18T23:11:31.052Z,2026-09-23T11:31:16.011Z,3,
JOV-6466,Todo,2026-09-19T14:31:16.068Z,2026-09-23T12:50:12.256Z,2,
JOV-6467,Todo,2026-09-19T14:31:47.607Z,2026-09-19T14:33:53.498Z,2,
JOV-6468,Todo,2026-09-19T14:32:18.211Z,2026-09-19T15:13:05.170Z,2,
JOV-6469,In Progress,2026-09-19T14:32:50.956Z,2026-09-26T05:21:07.161Z,2,Tim White
JOV-6470,Backlog,2026-09-19T14:33:23.337Z,2026-09-19T14:35:42.687Z,4,
JOV-6471,Todo,2026-09-19T15:09:58.368Z,2026-09-19T15:14:50.325Z,2,
JOV-6472,Todo,2026-09-19T15:10:28.609Z,2026-09-19T15:14:50.332Z,2,
JOV-6473,Todo,2026-09-19T15:11:00.495Z,2026-09-23T12:50:12.256Z,2,
JOV-6474,Todo,2026-09-19T15:11:34.324Z,2026-09-19T15:14:50.331Z,2,
JOV-6475,Todo,2026-09-19T18:46:42.052Z,2026-09-26T04:46:07.322Z,2,
JOV-6476,Todo,2026-09-19T18:46:49.010Z,2026-09-20T10:46:55.802Z,2,
JOV-6477,Todo,2026-09-19T18:46:55.210Z,2026-09-19T18:49:02.568Z,2,
JOV-6478,Todo,2026-09-19T18:47:00.979Z,2026-09-26T04:46:13.583Z,2,
JOV-6482,Todo,2026-09-20T00:11:09.872Z,2026-09-25T00:49:42.939Z,4,
JOV-6485,Todo,2026-09-20T02:16:59.876Z,2026-09-25T00:58:22.933Z,0,
JOV-6486,Todo,2026-09-20T02:16:59.876Z,2026-09-25T00:49:42.869Z,0,
JOV-6487,In Progress,2026-09-20T03:16:11.545Z,2026-09-20T16:03:22.772Z,0,Tim White
JOV-6489,In Progress,2026-09-20T10:07:18.839Z,2026-09-25T03:36:51.899Z,1,Tim White
JOV-6490,Todo,2026-09-20T10:44:55.149Z,2026-09-25T00:49:42.748Z,0,
JOV-6492,Todo,2026-09-20T10:45:22.786Z,2026-09-25T00:49:42.695Z,0,
JOV-6493,In Progress,2026-09-20T11:23:17.723Z,2026-09-24T23:28:28.994Z,2,Tim White
JOV-6494,In Progress,2026-09-20T19:25:19.756Z,2026-09-20T19:25:19.756Z,0,Tim White
JOV-6495,Backlog,2026-09-21T01:51:38.121Z,2026-09-21T01:51:38.121Z,0,
JOV-6496,Backlog,2026-09-22T00:44:56.945Z,2026-09-22T00:44:57.545Z,0,
JOV-6500,In Progress,2026-09-22T04:46:01.183Z,2026-09-24T11:41:36.785Z,1,Tim White
JOV-6501,Backlog,2026-09-22T05:36:44.137Z,2026-09-22T05:36:58.262Z,0,
JOV-6502,Backlog,2026-09-22T05:36:51.231Z,2026-09-22T05:36:58.262Z,0,
JOV-6503,Backlog,2026-09-22T05:36:58.262Z,2026-09-22T05:36:58.262Z,0,
JOV-6504,Backlog,2026-09-22T06:01:25.088Z,2026-09-22T06:01:50.168Z,0,
JOV-6505,Backlog,2026-09-22T06:01:42.766Z,2026-09-22T06:01:50.168Z,0,
JOV-6506,Backlog,2026-09-22T06:01:50.168Z,2026-09-22T06:01:50.866Z,0,
JOV-6507,Rework,2026-09-22T06:35:15.360Z,2026-09-22T08:19:18.109Z,1,Tim White
JOV-6509,Todo,2026-09-22T06:53:29.107Z,2026-09-25T00:49:42.640Z,2,
JOV-6512,Rework,2026-09-22T07:06:47.224Z,2026-09-22T13:34:35.621Z,1,Tim White
JOV-6517,Rework,2026-09-22T07:06:50.654Z,2026-09-22T08:59:51.963Z,1,Tim White
JOV-6518,In Progress,2026-09-22T07:06:51.251Z,2026-09-22T21:28:42.933Z,1,Tim White
JOV-6520,In Progress,2026-09-22T07:06:52.665Z,2026-09-23T02:22:25.517Z,1,Tim White
JOV-6521,In Progress,2026-09-22T07:06:53.477Z,2026-09-23T06:07:34.337Z,1,Tim White
JOV-6525,In Progress,2026-09-22T07:16:05.829Z,2026-09-23T07:32:15.317Z,1,Tim White
JOV-6527,Todo,2026-09-22T17:55:06.149Z,2026-09-23T12:52:17.057Z,2,
JOV-6529,Todo,2026-09-22T19:18:35.006Z,2026-09-26T04:46:19.680Z,2,
JOV-6532,In Progress,2026-09-23T00:16:02.929Z,2026-09-23T02:01:43.176Z,1,Tim White
JOV-6533,In Progress,2026-09-23T00:40:56.693Z,2026-09-24T20:26:08.855Z,1,Tim White
JOV-6535,In Progress,2026-09-23T01:04:03.381Z,2026-09-25T21:02:54.353Z,2,Tim White
JOV-6536,Todo,2026-09-23T01:43:12.604Z,2026-09-23T01:43:12.604Z,3,
JOV-6538,In Progress,2026-09-23T03:15:51.924Z,2026-09-23T19:49:48.533Z,3,Tim White
JOV-6539,In Progress,2026-09-23T03:18:17.346Z,2026-09-24T07:30:43.500Z,1,Tim White
JOV-6540,In Progress,2026-09-23T07:46:11.727Z,2026-09-24T21:16:38.826Z,2,
JOV-6541,In Progress,2026-09-23T11:03:58.824Z,2026-09-26T02:02:19.571Z,1,Tim White
JOV-6542,In Progress,2026-09-23T11:11:49.154Z,2026-09-24T11:57:19.483Z,2,Tim White
JOV-6543,Todo,2026-09-23T11:31:15.637Z,2026-09-23T13:56:59.931Z,2,
JOV-6544,Todo,2026-09-23T11:38:42.350Z,2026-09-23T11:39:43.131Z,3,
JOV-6545,Todo,2026-09-23T11:39:15.248Z,2026-09-23T11:39:43.138Z,3,
JOV-6546,Backlog,2026-09-23T11:47:06.489Z,2026-09-23T11:49:25.556Z,4,
JOV-6547,Backlog,2026-09-23T11:47:30.762Z,2026-09-23T11:49:26.200Z,4,
JOV-6548,Backlog,2026-09-23T11:47:54.874Z,2026-09-23T11:49:26.200Z,4,
JOV-6549,Backlog,2026-09-23T11:48:22.429Z,2026-09-23T11:49:27.602Z,4,
JOV-6550,Backlog,2026-09-23T11:48:46.133Z,2026-09-23T11:48:46.133Z,4,
JOV-6551,Backlog,2026-09-23T11:49:08.164Z,2026-09-23T11:49:08.164Z,4,
JOV-6552,Backlog,2026-09-23T11:49:25.556Z,2026-09-23T11:49:25.556Z,4,
JOV-6554,Todo,2026-09-23T12:50:05.753Z,2026-09-24T21:16:37.910Z,1,
JOV-6555,Todo,2026-09-23T12:50:32.541Z,2026-09-25T03:29:49.019Z,2,
JOV-6556,Todo,2026-09-23T12:50:55.535Z,2026-09-23T12:54:57.102Z,2,
JOV-6557,Todo,2026-09-23T12:52:18.665Z,2026-09-26T05:33:59.154Z,2,Tim White
JOV-6558,Backlog,2026-09-23T12:52:38.360Z,2026-09-23T12:52:38.835Z,4,
JOV-6559,Todo,2026-09-23T13:09:55.573Z,2026-09-25T00:49:42.441Z,2,
JOV-6561,In Progress,2026-09-23T15:37:37.894Z,2026-09-25T18:10:09.793Z,0,Tim White
JOV-6562,Todo,2026-09-23T15:47:09.877Z,2026-09-23T15:47:10.589Z,0,Tim White
JOV-6564,In Progress,2026-09-23T16:38:17.290Z,2026-09-23T17:00:32.944Z,2,Tim White
JOV-6565,Backlog,2026-09-23T16:39:14.059Z,2026-09-23T16:39:14.059Z,3,
JOV-6567,In Progress,2026-09-23T16:55:46.024Z,2026-09-25T17:19:01.191Z,1,Tim White
JOV-6568,In Review,2026-09-23T17:24:48.985Z,2026-09-23T18:07:50.195Z,1,Tim White
JOV-6569,Backlog,2026-09-23T17:52:35.878Z,2026-09-23T17:52:35.878Z,2,
JOV-6570,Backlog,2026-09-23T17:52:39.431Z,2026-09-23T17:52:39.431Z,2,
JOV-6571,Todo,2026-09-23T19:00:51.813Z,2026-09-23T19:45:14.492Z,1,
JOV-6572,Todo,2026-09-23T19:01:12.223Z,2026-09-23T19:45:15.308Z,1,
JOV-6577,In Progress,2026-09-23T22:36:10.929Z,2026-09-24T21:42:16.180Z,2,Tim White
JOV-6581,In Progress,2026-09-24T07:30:43.224Z,2026-09-24T08:02:21.476Z,0,Tim White
JOV-6584,In Progress,2026-09-24T18:02:49.351Z,2026-09-25T18:33:01.376Z,2,Tim White
JOV-6586,In Progress,2026-09-24T19:50:55.597Z,2026-09-25T07:28:33.294Z,1,Tim White
JOV-6587,Backlog,2026-09-24T19:53:16.251Z,2026-09-24T19:53:16.251Z,2,
JOV-6590,In Progress,2026-09-24T23:17:41.120Z,2026-09-24T23:17:44.552Z,0,
JOV-6591,Todo,2026-09-25T00:59:32.472Z,2026-09-26T05:15:55.972Z,2,
JOV-6592,Todo,2026-09-25T01:00:13.920Z,2026-09-26T05:30:55.247Z,2,
JOV-6593,Todo,2026-09-25T01:00:14.705Z,2026-09-26T05:31:04.097Z,2,
JOV-6594,Todo,2026-09-25T01:00:17.001Z,2026-09-25T01:00:17.001Z,2,
JOV-6595,Todo,2026-09-25T01:00:17.868Z,2026-09-25T01:00:17.868Z,2,
JOV-6596,Backlog,2026-09-25T01:00:21.265Z,2026-09-25T01:00:21.265Z,3,
JOV-6597,Backlog,2026-09-25T01:00:21.625Z,2026-09-25T01:00:21.625Z,3,
JOV-6598,Backlog,2026-09-25T01:00:22.023Z,2026-09-25T01:00:22.023Z,4,
JOV-6599,Todo,2026-09-25T01:00:22.732Z,2026-09-25T01:00:22.732Z,3,
JOV-6600,Backlog,2026-09-25T01:00:26.996Z,2026-09-25T01:00:26.996Z,3,
JOV-6601,Backlog,2026-09-25T01:00:27.969Z,2026-09-25T01:00:27.969Z,3,
JOV-6602,Backlog,2026-09-25T01:00:28.769Z,2026-09-25T01:00:28.769Z,4,
JOV-6604,In Progress,2026-09-25T02:03:12.821Z,2026-09-26T05:24:16.221Z,0,
JOV-6605,Todo,2026-09-25T02:22:52.169Z,2026-09-25T02:24:05.013Z,2,
JOV-6606,Triage,2026-09-25T03:22:15.766Z,2026-09-25T03:22:15.766Z,0,
JOV-6607,In Review,2026-09-25T03:29:48.599Z,2026-09-25T04:51:01.654Z,0,Tim White
JOV-6608,Todo,2026-09-25T03:49:54.830Z,2026-09-25T03:49:54.830Z,0,
JOV-6609,Triage,2026-09-25T12:54:27.704Z,2026-09-25T12:54:27.704Z,0,
JOV-6610,Backlog,2026-09-25T19:50:21.428Z,2026-09-25T19:50:21.428Z,3,
JOV-6611,In Progress,2026-09-25T19:53:20.355Z,2026-09-25T20:21:59.648Z,2,Tim White
JOV-6612,Backlog,2026-09-25T20:21:58.135Z,2026-09-25T20:21:58.135Z,2,
JOV-6613,Backlog,2026-09-26T01:42:35.908Z,2026-09-26T01:42:35.908Z,2,
JOV-6614,Backlog,2026-09-26T02:53:03.124Z,2026-09-26T02:53:03.124Z,3,
JOV-6615,Backlog,2026-09-26T02:53:09.078Z,2026-09-26T02:53:09.078Z,2,
JOV-6616,Backlog,2026-09-26T02:53:17.571Z,2026-09-26T02:53:17.571Z,3,
JOV-6617,In Progress,2026-09-26T03:36:19.757Z,2026-09-26T03:36:19.757Z,2,
JOV-6618,In Progress,2026-09-26T03:59:19.340Z,2026-09-26T04:43:44.692Z,4,Tim White
JOV-6619,Backlog,2026-09-26T04:09:33.874Z,2026-09-26T04:09:33.874Z,0,
JOV-6620,In Progress,2026-09-26T04:22:15.358Z,2026-09-26T04:29:14.908Z,1,Tim White
JOV-6621,Triage,2026-09-26T04:24:45.808Z,2026-09-26T04:39:14.565Z,1,
